id,sense_id,source_id,quoted_text,matched_span,source_locator,usage_analysis,paper_types,copyright_status,human_review
7e03e5c1-42e2-574b-8c7e-76eab3a1128e,a21ce8dc-720e-597f-b69f-1230eec33f6a,b3335777-dc5f-5448-a777-923e6115c08c,I introduced Neil to the other members of my family.,family,https://github.com/winterdl/oxford-5000-vocabulary-audio-definition,Reviewed as private study evidence for the selected sense and used only to guide original app-authored examples.,{},private_study_only,false
57493e01-6c3b-5e93-97da-d0c281bac60c,52f765e5-e468-5d65-9e23-32fe2e05d59a,b3335777-dc5f-5448-a777-923e6115c08c,He's still living with his parents.,parent,https://github.com/winterdl/oxford-5000-vocabulary-audio-definition,Reviewed as private study evidence for the selected sense and used only to guide original app-authored examples.,{},private_study_only,false
9620500f-ebd4-5fef-858c-5f73ee85af02,4f6ac419-d836-541b-ae0d-76642b0975f9,b3335777-dc5f-5448-a777-923e6115c08c,I want to buy a present for my mother and father.,mother,https://github.com/winterdl/oxford-5000-vocabulary-audio-definition,Reviewed as private study evidence for the selected sense and used only to guide original app-authored examples.,{},private_study_only,false
f40a5dc9-18ff-55b3-8d53-3934d4232b4a,3c6d20e2-e4f3-5afc-8058-e75033bf5972,b3335777-dc5f-5448-a777-923e6115c08c,a child of 3/a 3-year-old child,child,https://github.com/winterdl/oxford-5000-vocabulary-audio-definition,Reviewed as private study evidence for the selected sense and used only to guide original app-authored examples.,{},private_study_only,false
476c3c08-de86-5b30-8e90-fbbe48da7182,3020574e-73de-51f6-a10f-bc5ac51d3680,b3335777-dc5f-5448-a777-923e6115c08c,My father died in 2017.,father,https://github.com/winterdl/oxford-5000-vocabulary-audio-definition,Reviewed as private study evidence for the selected sense and used only to guide original app-authored examples.,{},private_study_only,false
5e42d6ad-7880-5ab4-a001-541e4282e60a,df621dde-0b01-5bdf-a9b5-6d99ec8cc815,b3335777-dc5f-5448-a777-923e6115c08c,their four-year-old son,son,https://github.com/winterdl/oxford-5000-vocabulary-audio-definition,Reviewed as private study evidence for the selected sense and used only to guide original app-authored examples.,{},private_study_only,false
7008fad4-4396-5825-bbb6-479fb82ccdef,c87a4cda-23e1-5c98-8efe-0ec654a4be4c,b3335777-dc5f-5448-a777-923e6115c08c,We have two sons and a daughter.,daughter,https://github.com/winterdl/oxford-5000-vocabulary-audio-definition,Reviewed as private study evidence for the selected sense and used only to guide original app-authored examples.,{},private_study_only,false
8ad5e8cd-d44e-5069-9e71-4332a1d0fc37,ea790ea2-3091-590a-9382-4a34110050b5,b3335777-dc5f-5448-a777-923e6115c08c,The baby's crying!,baby,https://github.com/winterdl/oxford-5000-vocabulary-audio-definition,Reviewed as private study evidence for the selected sense and used only to guide original app-authored examples.,{},private_study_only,false
d8a394de-d62c-5e63-8895-fa20ab21f117,bab89739-8d84-56fd-bae0-7b57f736aa43,b3335777-dc5f-5448-a777-923e6115c08c,We're brothers.,brother,https://github.com/winterdl/oxford-5000-vocabulary-audio-definition,Reviewed as private study evidence for the selected sense and used only to guide original app-authored examples.,{},private_study_only,false
9348fb42-bbca-5e28-a6d9-e9a27c367611,ab1e57cb-ae3e-580e-a4f3-30f59714de7c,b3335777-dc5f-5448-a777-923e6115c08c,That's my dad over there.,dad,https://github.com/winterdl/oxford-5000-vocabulary-audio-definition,Reviewed as private study evidence for the selected sense and used only to guide original app-authored examples.,{},private_study_only,false
dbea34ad-6fa5-5e19-b167-8338b165a1fc,f1d7dd00-b6f5-5c36-8884-74d7a1a5a48b,b3335777-dc5f-5448-a777-923e6115c08c,"This is my husband, Steve.",husband,https://github.com/winterdl/oxford-5000-vocabulary-audio-definition,Reviewed as private study evidence for the selected sense and used only to guide original app-authored examples.,{},private_study_only,false
c8a450ec-d9d0-5014-9042-deca33f76bbe,c64a79e5-483d-5352-b614-92ed0ffb6196,b3335777-dc5f-5448-a777-923e6115c08c,I met my wife at university.,wife,https://github.com/winterdl/oxford-5000-vocabulary-audio-definition,Reviewed as private study evidence for the selected sense and used only to guide original app-authored examples.,{},private_study_only,false
a515850c-7d32-52d4-b23b-fef30b1bd1ec,984a8d58-de7e-54cf-96cf-391d0991b6eb,b3335777-dc5f-5448-a777-923e6115c08c,She's my sister.,sister,https://github.com/winterdl/oxford-5000-vocabulary-audio-definition,Reviewed as private study evidence for the selected sense and used only to guide original app-authored examples.,{},private_study_only,false
95f07efc-9b86-5f50-a7db-72eba671d7d0,2581a8bc-9c9d-594a-8d91-454f0788f557,b3335777-dc5f-5448-a777-923e6115c08c,a married man/woman,married,https://github.com/winterdl/oxford-5000-vocabulary-audio-definition,Reviewed as private study evidence for the selected sense and used only to guide original app-authored examples.,{},private_study_only,false
d3a6a09a-ac86-5522-bb17-a0572a4aeb95,409986c8-ffcc-53b7-aace-b384482ff18c,b3335777-dc5f-5448-a777-923e6115c08c,Children must be accompanied by an adult.,adult,https://github.com/winterdl/oxford-5000-vocabulary-audio-definition,Reviewed as private study evidence for the selected sense and used only to guide original app-authored examples.,{},private_study_only,false
1ee7065a-4084-5a8e-8962-45bbccfbc770,e1bcf777-956c-5d38-a71e-250e52b99b59,b3335777-dc5f-5448-a777-923e6115c08c,What sort of person would do a thing like that?,person,https://github.com/winterdl/oxford-5000-vocabulary-audio-definition,Reviewed as private study evidence for the selected sense and used only to guide original app-authored examples.,{},private_study_only,false
a9c12e42-b75b-54c1-9b9f-23f1e12a7deb,c6e0f7e8-2f18-5d03-b237-ea25fc5107e4,b3335777-dc5f-5448-a777-923e6115c08c,Aunt Alice,aunt,https://github.com/winterdl/oxford-5000-vocabulary-audio-definition,Reviewed as private study evidence for the selected sense and used only to guide original app-authored examples.,{},private_study_only,false
abf1f2a5-cb11-545f-9ef7-777bcf078b30,69792b86-17a5-5f99-9911-cf5c1bd0aa3d,b3335777-dc5f-5448-a777-923e6115c08c,a little/small/young boy,boy,https://github.com/winterdl/oxford-5000-vocabulary-audio-definition,Reviewed as private study evidence for the selected sense and used only to guide original app-authored examples.,{},private_study_only,false
aa441573-32ee-5a79-88eb-b5c9c86b5836,458a2405-f0ad-53a0-a1c5-663fbd569b0a,b3335777-dc5f-5448-a777-923e6115c08c,a little girl of six,girl,https://github.com/winterdl/oxford-5000-vocabulary-audio-definition,Reviewed as private study evidence for the selected sense and used only to guide original app-authored examples.,{},private_study_only,false
f8674cc7-cb41-520a-a924-39965e82ca61,4c80dff6-1e30-561b-9f6c-6d34609a9b22,b3335777-dc5f-5448-a777-923e6115c08c,a happy/an unhappy marriage,marriage,https://github.com/winterdl/oxford-5000-vocabulary-audio-definition,Reviewed as private study evidence for the selected sense and used only to guide original app-authored examples.,{},private_study_only,false
5b4ce90d-8fc5-5239-9a3d-91f864a973a8,0befb6d0-3c67-523f-9830-41b1ba30d733,b3335777-dc5f-5448-a777-923e6115c08c,Uncle Ian,uncle,https://github.com/winterdl/oxford-5000-vocabulary-audio-definition,Reviewed as private study evidence for the selected sense and used only to guide original app-authored examples.,{},private_study_only,false
159d66c7-e5b9-5a63-aecd-5b8445cc2c63,30cf9efc-ebe2-5a85-853c-4789e422407d,b3335777-dc5f-5448-a777-923e6115c08c,She's my cousin.,cousin,https://github.com/winterdl/oxford-5000-vocabulary-audio-definition,Reviewed as private study evidence for the selected sense and used only to guide original app-authored examples.,{},private_study_only,false
d804b252-adb2-531c-9ade-06faa6ee64e4,6f670f3e-dc90-5273-967f-5e1d0e4fb54a,b3335777-dc5f-5448-a777-923e6115c08c,a good-looking young man,man,https://github.com/winterdl/oxford-5000-vocabulary-audio-definition,Reviewed as private study evidence for the selected sense and used only to guide original app-authored examples.,{},private_study_only,false
4859815e-306a-5ab8-af0f-0ecb52987462,f9592995-d353-53be-8469-a7ea8dbc5de1,b3335777-dc5f-5448-a777-923e6115c08c,a 54-year-old woman,woman,https://github.com/winterdl/oxford-5000-vocabulary-audio-definition,Reviewed as private study evidence for the selected sense and used only to guide original app-authored examples.,{},private_study_only,false
fd0bb760-73d8-5c4a-baba-dadcd6d9cd30,ec9f082c-42d4-56e9-a7a3-7ad8e038728d,b3335777-dc5f-5448-a777-923e6115c08c,You're the same age as my brother.,age,https://github.com/winterdl/oxford-5000-vocabulary-audio-definition,Reviewed as private study evidence for the selected sense and used only to guide original app-authored examples.,{},private_study_only,false
09dd9de2-5185-5a37-8e69-69a265c1c29d,59201284-fb3a-54a7-9a11-bb0827260e87,b3335777-dc5f-5448-a777-923e6115c08c,a close/distant relative,relative,https://github.com/winterdl/oxford-5000-vocabulary-audio-definition,Reviewed as private study evidence for the selected sense and used only to guide original app-authored examples.,{},private_study_only,false
22666286-b28c-50b1-bc39-b6c80ce782d3,b9d1927f-8156-53f9-ab7e-a03dd49a3ec8,b3335777-dc5f-5448-a777-923e6115c08c,I always loved going to visit my grandmother.,grandmother,https://github.com/winterdl/oxford-5000-vocabulary-audio-definition,Reviewed as private study evidence for the selected sense and used only to guide original app-authored examples.,{},private_study_only,false
4cbcde69-3845-5460-a879-57c052e53eca,3da1f81f-cbe2-5a81-9acf-5cd9451bf93d,b3335777-dc5f-5448-a777-923e6115c08c,At least ten people were killed in the crash.,people,https://github.com/winterdl/oxford-5000-vocabulary-audio-definition,Reviewed as private study evidence for the selected sense and used only to guide original app-authored examples.,{},private_study_only,false
09bcf89d-c04a-5f1c-9ad0-143a8d41ed18,4c1c4ca1-9c12-5d99-9a7a-945083c7efaa,b3335777-dc5f-5448-a777-923e6115c08c,The firm had been founded by his grandfather.,grandfather,https://github.com/winterdl/oxford-5000-vocabulary-audio-definition,Reviewed as private study evidence for the selected sense and used only to guide original app-authored examples.,{},private_study_only,false
c660868c-1fe0-52c5-8ff0-1c62b5373c12,3f4c9516-cf61-5007-8264-385a2c38c3ca,b3335777-dc5f-5448-a777-923e6115c08c,This is my friend Tom.,friend,https://github.com/winterdl/oxford-5000-vocabulary-audio-definition,Reviewed as private study evidence for the selected sense and used only to guide original app-authored examples.,{},private_study_only,false
7f4dde8c-ce30-5644-a6ec-95afe7e14d04,0b3f2002-c5a5-52d9-b4ca-c72d24e495a9,b3335777-dc5f-5448-a777-923e6115c08c,Do you have any kids?,kid,https://github.com/winterdl/oxford-5000-vocabulary-audio-definition,Reviewed as private study evidence for the selected sense and used only to guide original app-authored examples.,{},private_study_only,false
f17fb3c0-c2a0-5aab-b850-f1a4ada45ace,dc20cba3-d589-5996-a220-bab69f868f9b,b3335777-dc5f-5448-a777-923e6115c08c,What's your name?,name,https://github.com/winterdl/oxford-5000-vocabulary-audio-definition,Reviewed as private study evidence for the selected sense and used only to guide original app-authored examples.,{},private_study_only,false
aba71227-fffc-5da4-9701-5bb349951046,3b4751c0-c42d-58a3-8492-fef90debae3a,b3335777-dc5f-5448-a777-923e6115c08c,Young babies need to be wrapped up warmly.,young,https://github.com/winterdl/oxford-5000-vocabulary-audio-definition,Reviewed as private study evidence for the selected sense and used only to guide original app-authored examples.,{},private_study_only,false
23fbd494-e17a-53bb-bfb1-c4466b214bec,7b0b962f-ca73-5289-8ab7-b1b27d15b765,b3335777-dc5f-5448-a777-923e6115c08c,The children are staying with their grandparents.,grandparent,https://github.com/winterdl/oxford-5000-vocabulary-audio-definition,Reviewed as private study evidence for the selected sense and used only to guide original app-authored examples.,{},private_study_only,false
8d3d18fd-f421-5d62-acb1-ce3d3b31eafc,08dd3a2f-4c5f-5224-a479-788cb15b004f,b3335777-dc5f-5448-a777-923e6115c08c,a magazine aimed at teenagers,teenager,https://github.com/winterdl/oxford-5000-vocabulary-audio-definition,Reviewed as private study evidence for the selected sense and used only to guide original app-authored examples.,{},private_study_only,false
92cab17b-c0fa-5070-8e78-1e894e480785,2281d0a2-880f-5a04-8370-dd0703af0688,b3335777-dc5f-5448-a777-923e6115c08c,She's expecting twins.,twin,https://github.com/winterdl/oxford-5000-vocabulary-audio-definition,Reviewed as private study evidence for the selected sense and used only to guide original app-authored examples.,{},private_study_only,false
6186d57e-5492-5e64-a8d3-18d2897d14ba,56dcf74b-2a92-52cb-a03d-4203ecb35e10,b3335777-dc5f-5448-a777-923e6115c08c,"at birth, The baby weighed three kilos at birth.",birth,https://github.com/winterdl/oxford-5000-vocabulary-audio-definition,Reviewed as private study evidence for the selected sense and used only to guide original app-authored examples.,{},private_study_only,false
4c6c4969-1ee6-5ebd-9d24-7ff3ad1e72e3,04cba3c7-2e01-5920-9389-9d285c7ef90a,b3335777-dc5f-5448-a777-923e6115c08c,a heavy weight/load,heavy,https://github.com/winterdl/oxford-5000-vocabulary-audio-definition,Reviewed as private study evidence for the selected sense and used only to guide original app-authored examples.,{},private_study_only,false
8c1837ce-1924-5071-a2b1-4c85995f3a25,edeaa218-22a5-5fb1-96ad-d20f771264ec,b3335777-dc5f-5448-a777-923e6115c08c,He's strong enough to lift a car!,strong,https://github.com/winterdl/oxford-5000-vocabulary-audio-definition,Reviewed as private study evidence for the selected sense and used only to guide original app-authored examples.,{},private_study_only,false
fb699c08-e2e6-5136-b8dc-0a902887af77,ee9fa651-a20f-58d4-949e-c37d68ce5e16,b3335777-dc5f-5448-a777-923e6115c08c,Height: 210 mm. Width: 57 mm. Length: 170 mm.,height,https://github.com/winterdl/oxford-5000-vocabulary-audio-definition,Reviewed as private study evidence for the selected sense and used only to guide original app-authored examples.,{},private_study_only,false
af75b381-2e6e-526e-9646-f1f18e8c9582,5bafa0f3-f622-58da-ab90-bedc0ea45dd1,b3335777-dc5f-5448-a777-923e6115c08c,a pretty/pale/round face,face,https://github.com/winterdl/oxford-5000-vocabulary-audio-definition,Reviewed as private study evidence for the selected sense and used only to guide original app-authored examples.,{},private_study_only,false
b517e417-64dc-50d1-bec4-a1095d2b8edb,14c7a9c7-ca1f-5177-9799-bd2e2ddfb43b,b3335777-dc5f-5448-a777-923e6115c08c,a beautiful woman/girl,beautiful,https://github.com/winterdl/oxford-5000-vocabulary-audio-definition,Reviewed as private study evidence for the selected sense and used only to guide original app-authored examples.,{},private_study_only,false
c079738e-31ac-56bc-9325-40743274bc01,f1900b28-2319-5819-b280-3b931566c3a2,b3335777-dc5f-5448-a777-923e6115c08c,"in somebody's youth, He had been a talented musician in his youth.",youth,https://github.com/winterdl/oxford-5000-vocabulary-audio-definition,Reviewed as private study evidence for the selected sense and used only to guide original app-authored examples.,{},private_study_only,false
054aa7b5-9cd0-5155-9869-4a7338e2587c,e2ea3ab6-9341-51b3-8d40-ff47c6858f40,b3335777-dc5f-5448-a777-923e6115c08c,The suspect has dark hair and green eyes.,eye,https://github.com/winterdl/oxford-5000-vocabulary-audio-definition,Reviewed as private study evidence for the selected sense and used only to guide original app-authored examples.,{},private_study_only,false
0a886f63-5fcf-58f8-a84b-faec6e7b3190,899cf71a-9d34-55ac-972b-fd2f3cb32203,b3335777-dc5f-5448-a777-923e6115c08c,She's tall and thin.,tall,https://github.com/winterdl/oxford-5000-vocabulary-audio-definition,Reviewed as private study evidence for the selected sense and used only to guide original app-authored examples.,{},private_study_only,false
52b1d257-0865-5f56-a411-741444e50889,6f9ef7f1-5b8f-595d-82e6-b87eb07ba92d,b3335777-dc5f-5448-a777-923e6115c08c,She has long dark hair.,hair,https://github.com/winterdl/oxford-5000-vocabulary-audio-definition,Reviewed as private study evidence for the selected sense and used only to guide original app-authored examples.,{},private_study_only,false
52d026eb-e134-5552-ac2a-f5b11da70803,02e65940-25cc-5ab2-82f5-766056214ab1,b3335777-dc5f-5448-a777-923e6115c08c,a pretty face,pretty,https://github.com/winterdl/oxford-5000-vocabulary-audio-definition,Reviewed as private study evidence for the selected sense and used only to guide original app-authored examples.,{},private_study_only,false
c4cd1b5d-8625-51df-b369-2b39ead5aa30,3da62256-c643-5307-9958-89b6f43ba525,b3335777-dc5f-5448-a777-923e6115c08c,a healthy child/baby/adult,healthy,https://github.com/winterdl/oxford-5000-vocabulary-audio-definition,Reviewed as private study evidence for the selected sense and used only to guide original app-authored examples.,{},private_study_only,false
56f58e82-df8c-527f-bde9-22eb50b6bb86,f8470e60-0e8c-56bd-914e-c557612687d7,b3335777-dc5f-5448-a777-923e6115c08c,She is still weak after her illness.,weak,https://github.com/winterdl/oxford-5000-vocabulary-audio-definition,Reviewed as private study evidence for the selected sense and used only to guide original app-authored examples.,{},private_study_only,false
bb5785bb-1dbb-587f-8f25-c2d457514867,35493e1c-2884-5b0e-af70-68914b90ef25,b3335777-dc5f-5448-a777-923e6115c08c,Ian placed a hand on her shoulder.,hand,https://github.com/winterdl/oxford-5000-vocabulary-audio-definition,Reviewed as private study evidence for the selected sense and used only to guide original app-authored examples.,{},private_study_only,false
ab4ca973-8b21-5edd-b127-3c97e411c405,6e64c985-ff2a-5a01-9124-ecbc3646c82f,b3335777-dc5f-5448-a777-923e6115c08c,My feet are aching.,,https://github.com/winterdl/oxford-5000-vocabulary-audio-definition,Reviewed as private study evidence for the selected sense and used only to guide original app-authored examples.,{},private_study_only,false
8c93253b-d4a3-5799-9305-27291cd82220,d1ed4a9c-7842-5414-9de5-8f400b5662f6,b3335777-dc5f-5448-a777-923e6115c08c,She nodded her head in agreement.,head,https://github.com/winterdl/oxford-5000-vocabulary-audio-definition,Reviewed as private study evidence for the selected sense and used only to guide original app-authored examples.,{},private_study_only,false
424dae81-c5d8-5900-8fb3-fa4a85f70093,4d821d2d-3e86-5b54-b816-520d416ff979,b3335777-dc5f-5448-a777-923e6115c08c,The human body is a complex structure.,body,https://github.com/winterdl/oxford-5000-vocabulary-audio-definition,Reviewed as private study evidence for the selected sense and used only to guide original app-authored examples.,{},private_study_only,false
6bf9d58c-8e69-5dfd-97e8-5336d37cbed8,947e0e3a-a3f0-5bf0-af58-dc9480d04017,b3335777-dc5f-5448-a777-923e6115c08c,He escaped with only a broken arm.,arm,https://github.com/winterdl/oxford-5000-vocabulary-audio-definition,Reviewed as private study evidence for the selected sense and used only to guide original app-authored examples.,{},private_study_only,false
1809dcf4-9caf-54e1-9f07-c57b6329c5a2,b484ebee-6873-5b66-94a7-25f82a549c06,b3335777-dc5f-5448-a777-923e6115c08c,She had dark eyes and a long narrow nose.,nose,https://github.com/winterdl/oxford-5000-vocabulary-audio-definition,Reviewed as private study evidence for the selected sense and used only to guide original app-authored examples.,{},private_study_only,false
dba96bf1-7518-596d-8bd7-7d194536c0ff,7c0ffc26-c970-5638-94ad-7d256b25dd8d,b3335777-dc5f-5448-a777-923e6115c08c,She opened her mouth to say something.,mouth,https://github.com/winterdl/oxford-5000-vocabulary-audio-definition,Reviewed as private study evidence for the selected sense and used only to guide original app-authored examples.,{},private_study_only,false
622f0f48-d9bc-5304-948f-b08f9ed01696,53ad78bd-d644-5575-8cca-9fb1a76d6fcb,b3335777-dc5f-5448-a777-923e6115c08c,"childhood, adolescence, and adulthood",childhood,https://github.com/winterdl/oxford-5000-vocabulary-audio-definition,Reviewed as private study evidence for the selected sense and used only to guide original app-authored examples.,{},private_study_only,false
e31f4524-1384-5f34-bdfa-09e8b1ea6b74,26738ba2-e2d0-5ccf-b434-9a93f1d9b439,b3335777-dc5f-5448-a777-923e6115c08c,to have dark/pale skin,skin,https://github.com/winterdl/oxford-5000-vocabulary-audio-definition,Reviewed as private study evidence for the selected sense and used only to guide original app-authored examples.,{},private_study_only,false
36f3232e-e080-57ce-8f32-959843b8732f,f35b3ef4-4f5c-5ac8-bdc5-585516c726c0,b3335777-dc5f-5448-a777-923e6115c08c,the left/right ear,ear,https://github.com/winterdl/oxford-5000-vocabulary-audio-definition,Reviewed as private study evidence for the selected sense and used only to guide original app-authored examples.,{},private_study_only,false
17c78649-80aa-5851-8d73-640a8c94596f,93cf2c78-8fd9-57e9-939e-2b9da00cd239,b3335777-dc5f-5448-a777-923e6115c08c,"Sit on the floor, stretching your legs out in front of you.",leg,https://github.com/winterdl/oxford-5000-vocabulary-audio-definition,Reviewed as private study evidence for the selected sense and used only to guide original app-authored examples.,{},private_study_only,false
949d4146-657e-5746-8004-24602cd136e0,450550ba-e299-5612-a11b-89aa0b30f03f,b3335777-dc5f-5448-a777-923e6115c08c,I've just had a tooth out at the dentist's.,tooth,https://github.com/winterdl/oxford-5000-vocabulary-audio-definition,Reviewed as private study evidence for the selected sense and used only to guide original app-authored examples.,{},private_study_only,false
8e03fa29-01cb-575e-848f-7c15380eb3e0,244be9df-1d0d-5f95-99fc-c3a34f45c3f2,b3335777-dc5f-5448-a777-923e6115c08c,"look at somebody/something, Here, have a look at this.",look,https://github.com/winterdl/oxford-5000-vocabulary-audio-definition,Reviewed as private study evidence for the selected sense and used only to guide original app-authored examples.,{},private_study_only,false
f910cd1a-3f88-5e6a-9cf9-115a03759f5b,81d3908d-2fed-5641-8960-ca7e2f7e01f8,b3335777-dc5f-5448-a777-923e6115c08c,to laugh out loud,laugh,https://github.com/winterdl/oxford-5000-vocabulary-audio-definition,Reviewed as private study evidence for the selected sense and used only to guide original app-authored examples.,{},private_study_only,false
cdee38bd-17db-5fb5-817e-f71919fe0ded,67d7c662-bb72-5c82-96ce-d131dfd0e97f,b3335777-dc5f-5448-a777-923e6115c08c,I could hear voices in the next room.,voice,https://github.com/winterdl/oxford-5000-vocabulary-audio-definition,Reviewed as private study evidence for the selected sense and used only to guide original app-authored examples.,{},private_study_only,false
be53edfa-907f-5153-b4a0-7ed97c5a7f87,5c515fef-fdba-5716-a3e1-f539ab48cdd9,b3335777-dc5f-5448-a777-923e6115c08c,to smile slightly/broadly,smile,https://github.com/winterdl/oxford-5000-vocabulary-audio-definition,Reviewed as private study evidence for the selected sense and used only to guide original app-authored examples.,{},private_study_only,false
9865eb1a-2a6b-5d40-aeb2-733a7a954a9c,7bae26df-f96b-5fbc-93fa-34436a3a6998,b3335777-dc5f-5448-a777-923e6115c08c,the physical/outward/external appearance of something,appearance,https://github.com/winterdl/oxford-5000-vocabulary-audio-definition,Reviewed as private study evidence for the selected sense and used only to guide original app-authored examples.,{},private_study_only,false
a96e0b59-6d0c-57e2-82d6-0d706c1105b6,21d515a3-1065-5124-92a7-0d45d5f10410,b3335777-dc5f-5448-a777-923e6115c08c,My mother's dead; she died in 2017.,dead,https://github.com/winterdl/oxford-5000-vocabulary-audio-definition,Reviewed as private study evidence for the selected sense and used only to guide original app-authored examples.,{},private_study_only,false
14701f2f-54b8-5d50-86a8-23b279c5eec8,8eddbebf-1e55-5bce-8af8-889314c768ed,b3335777-dc5f-5448-a777-923e6115c08c,a male friend/colleague/partner,male,https://github.com/winterdl/oxford-5000-vocabulary-audio-definition,Reviewed as private study evidence for the selected sense and used only to guide original app-authored examples.,{},private_study_only,false
aaa26dc4-12bb-5245-a4f8-f89440b04680,9b3bbdf2-cf96-580c-a86d-84d98a4e0dae,b3335777-dc5f-5448-a777-923e6115c08c,a female student/employee/artist/athlete,female,https://github.com/winterdl/oxford-5000-vocabulary-audio-definition,Reviewed as private study evidence for the selected sense and used only to guide original app-authored examples.,{},private_study_only,false
df46430b-0d97-550d-8948-a4dbd0af0303,a2f63f21-8d8b-50ad-bebf-8eccc7a44ad4,b3335777-dc5f-5448-a777-923e6115c08c,a cute little baby,cute,https://github.com/winterdl/oxford-5000-vocabulary-audio-definition,Reviewed as private study evidence for the selected sense and used only to guide original app-authored examples.,{},private_study_only,false
d5c7a8f5-13a8-5f8e-b137-fdc2a070bb5c,6c5438ae-7a6f-50c2-8c81-304c517555a0,b3335777-dc5f-5448-a777-923e6115c08c,Is your mother still alive?,alive,https://github.com/winterdl/oxford-5000-vocabulary-audio-definition,Reviewed as private study evidence for the selected sense and used only to guide original app-authored examples.,{},private_study_only,false
b3f218ce-125e-5a87-ac0d-8aa4e200d8bf,8c630363-cd17-5ef2-a84d-cb971c0caf07,b3335777-dc5f-5448-a777-923e6115c08c,an elderly man/woman/lady,elderly,https://github.com/winterdl/oxford-5000-vocabulary-audio-definition,Reviewed as private study evidence for the selected sense and used only to guide original app-authored examples.,{},private_study_only,false
c0e21cc7-5c3d-5291-83a7-35a6fa589aec,1aca7022-2f75-5faf-a8be-707a311376d1,b3335777-dc5f-5448-a777-923e6115c08c,My wife is pregnant.,pregnant,https://github.com/winterdl/oxford-5000-vocabulary-audio-definition,Reviewed as private study evidence for the selected sense and used only to guide original app-authored examples.,{},private_study_only,false
acf9a3a0-515f-5a6a-8128-e1f1c731d7ae,d8aa4592-9f8d-50ee-989b-e391761ce82c,b3335777-dc5f-5448-a777-923e6115c08c,I don't care (= I will not be upset) if I never see him again!,care,https://github.com/winterdl/oxford-5000-vocabulary-audio-definition,Reviewed as private study evidence for the selected sense and used only to guide original app-authored examples.,{},private_study_only,false
d27ce077-989c-5ef8-b480-bbbb334dd13c,de4404c1-3d3b-502d-9b7a-42b14ee4769b,b3335777-dc5f-5448-a777-923e6115c08c,"support somebody/something, to support an idea/a view",support,https://github.com/winterdl/oxford-5000-vocabulary-audio-definition,Reviewed as private study evidence for the selected sense and used only to guide original app-authored examples.,{},private_study_only,false
8c77e1ed-c454-53f1-ac01-8f40100c7f07,a06bfa59-3158-5c65-b3e4-7f4201fd2174,b3335777-dc5f-5448-a777-923e6115c08c,I love you.,love,https://github.com/winterdl/oxford-5000-vocabulary-audio-definition,Reviewed as private study evidence for the selected sense and used only to guide original app-authored examples.,{},private_study_only,false
f8455798-54c1-5b9c-9c26-58e96ca4f707,12de099a-b401-5b0a-ab98-9c5893ee52fa,b3335777-dc5f-5448-a777-923e6115c08c,What can I do to help?,help,https://github.com/winterdl/oxford-5000-vocabulary-audio-definition,Reviewed as private study evidence for the selected sense and used only to guide original app-authored examples.,{},private_study_only,false
e08cbe2d-9656-559e-bc4f-7b4469593d04,819d1b9f-2dfb-576c-b3fc-237c007c878f,b3335777-dc5f-5448-a777-923e6115c08c,to live in a house/a flat/an apartment,live,https://github.com/winterdl/oxford-5000-vocabulary-audio-definition,Reviewed as private study evidence for the selected sense and used only to guide original app-authored examples.,{},private_study_only,false
89b43a7c-2e91-55ae-be4e-15d3f35d9f00,4eec6b22-7589-5961-9701-51cfa1aafedc,b3335777-dc5f-5448-a777-923e6115c08c,There isn't an empty table. Would you mind sharing?,,https://github.com/winterdl/oxford-5000-vocabulary-audio-definition,Reviewed as private study evidence for the selected sense and used only to guide original app-authored examples.,{},private_study_only,false
80390ae1-4373-54a3-9d96-33c3aab165ef,28173cca-fd95-5304-9bb6-3ddf5957ee80,b3335777-dc5f-5448-a777-923e6115c08c,My parents are coming to visit me next week.,visit,https://github.com/winterdl/oxford-5000-vocabulary-audio-definition,Reviewed as private study evidence for the selected sense and used only to guide original app-authored examples.,{},private_study_only,false
167235fe-a6f5-5794-81e3-627f6fd8ddeb,9cccae4b-b7b3-5314-8da7-7391d887755a,b3335777-dc5f-5448-a777-923e6115c08c,a personal/working relationship,relationship,https://github.com/winterdl/oxford-5000-vocabulary-audio-definition,Reviewed as private study evidence for the selected sense and used only to guide original app-authored examples.,{},private_study_only,false
1c6405a7-6a7c-5f34-8a74-02a614d02d40,dfbbd175-590c-52bf-999a-4ad8d527b299,b3335777-dc5f-5448-a777-923e6115c08c,"remember somebody/something, This is Carla. Do you remember her?",remember,https://github.com/winterdl/oxford-5000-vocabulary-audio-definition,Reviewed as private study evidence for the selected sense and used only to guide original app-authored examples.,{},private_study_only,false
c670a9b6-e44c-5cc7-a9a3-98ef9885826b,a2580559-3afa-52ce-ab17-e8d73a0014d3,b3335777-dc5f-5448-a777-923e6115c08c,"know something, No one knows the answer.",know,https://github.com/winterdl/oxford-5000-vocabulary-audio-definition,Reviewed as private study evidence for the selected sense and used only to guide original app-authored examples.,{},private_study_only,false
763f1d07-ffad-5e62-a1e2-50316a4093e1,c9ffc9fe-0c71-5d2d-9fb6-f3a5a48f31e9,b3335777-dc5f-5448-a777-923e6115c08c,a nice day/smile/place,nice,https://github.com/winterdl/oxford-5000-vocabulary-audio-definition,Reviewed as private study evidence for the selected sense and used only to guide original app-authored examples.,{},private_study_only,false
edea8f62-aa90-5c82-a132-de0a371f6a55,09d6b176-d0ed-5f51-a970-4380fe06c1ee,b3335777-dc5f-5448-a777-923e6115c08c,a very kind and helpful person,kind,https://github.com/winterdl/oxford-5000-vocabulary-audio-definition,Reviewed as private study evidence for the selected sense and used only to guide original app-authored examples.,{},private_study_only,false
5b793e36-16cc-58d2-a71a-24717879bae7,5b922210-27ca-57be-abda-0340508cbd33,b3335777-dc5f-5448-a777-923e6115c08c,I respect Jack's opinion on most subjects.,respect,https://github.com/winterdl/oxford-5000-vocabulary-audio-definition,Reviewed as private study evidence for the selected sense and used only to guide original app-authored examples.,{},private_study_only,false
01b67fc3-3350-5f3e-be88-94ca5150a849,5819dd44-6b1e-5b80-a5eb-5db36f865d87,b3335777-dc5f-5448-a777-923e6115c08c,African/American/European/Islamic culture,culture,https://github.com/winterdl/oxford-5000-vocabulary-audio-definition,Reviewed as private study evidence for the selected sense and used only to guide original app-authored examples.,{},private_study_only,false
18ee0a69-c993-5feb-85a9-ef0ebf3bcdc5,65dd96a0-5d8d-55f8-803f-a93132aebd14,b3335777-dc5f-5448-a777-923e6115c08c,a warm and friendly person,friendly,https://github.com/winterdl/oxford-5000-vocabulary-audio-definition,Reviewed as private study evidence for the selected sense and used only to guide original app-authored examples.,{},private_study_only,false
905c0bd0-e22e-5b24-afa9-8a3582909794,f07dcc86-acbc-5353-bc8c-3eb0a9a2bf72,b3335777-dc5f-5448-a777-923e6115c08c,The local community supported us from the start.,community,https://github.com/winterdl/oxford-5000-vocabulary-audio-definition,Reviewed as private study evidence for the selected sense and used only to guide original app-authored examples.,{},private_study_only,false
813ce1e4-4a10-5ac2-bb76-cc5fddc588a5,26d32391-3e37-53b4-b891-29c1d9285b65,b3335777-dc5f-5448-a777-923e6115c08c,her quiet voice,quiet,https://github.com/winterdl/oxford-5000-vocabulary-audio-definition,Reviewed as private study evidence for the selected sense and used only to guide original app-authored examples.,{},private_study_only,false
b7f9e6f6-4ab0-5754-a7b4-ce6739efbfa0,e2b2450f-c8e9-50dd-ae7b-bfbc36ca2900,b3335777-dc5f-5448-a777-923e6115c08c,She has landed the lead role (= the most important one) in a new play.,role,https://github.com/winterdl/oxford-5000-vocabulary-audio-definition,Reviewed as private study evidence for the selected sense and used only to guide original app-authored examples.,{},private_study_only,false
92bfe01b-f05b-5af1-a486-943ec425c852,545c08d8-78da-578e-b39f-0baf3e9cee15,b3335777-dc5f-5448-a777-923e6115c08c,Our partnership is based on trust.,trust,https://github.com/winterdl/oxford-5000-vocabulary-audio-definition,Reviewed as private study evidence for the selected sense and used only to guide original app-authored examples.,{},private_study_only,false
6bcff027-89ef-590c-b2f7-d6bf4245c6ba,c55f6b0b-4bde-5b39-99a7-745e348d9db4,b3335777-dc5f-5448-a777-923e6115c08c,to be in a position of responsibility,responsibility,https://github.com/winterdl/oxford-5000-vocabulary-audio-definition,Reviewed as private study evidence for the selected sense and used only to guide original app-authored examples.,{},private_study_only,false
bdfcdadc-e2f8-537a-af81-5e90624c9540,5bfdb0db-9c36-5e0f-84f3-86fe8bbdb91e,b3335777-dc5f-5448-a777-923e6115c08c,Staying physically active in later years can also keep you feeling younger.,active,https://github.com/winterdl/oxford-5000-vocabulary-audio-definition,Reviewed as private study evidence for the selected sense and used only to guide original app-authored examples.,{},private_study_only,false
74b7c1f1-0ae0-5e2c-a794-8fd4e8a42dff,5ef3bfcc-5e1b-5724-8ceb-6fe824e02e3f,b3335777-dc5f-5448-a777-923e6115c08c,an honest man/woman,honest,https://github.com/winterdl/oxford-5000-vocabulary-audio-definition,Reviewed as private study evidence for the selected sense and used only to guide original app-authored examples.,{},private_study_only,false
7eb3e8be-2cdb-5ed0-9a4c-ced920df3e74,2e267928-e248-5cee-a064-2071f96b0d6e,b3335777-dc5f-5448-a777-923e6115c08c,She raised the gun and fired.,raise,https://github.com/winterdl/oxford-5000-vocabulary-audio-definition,Reviewed as private study evidence for the selected sense and used only to guide original app-authored examples.,{},private_study_only,false
ee292cdb-33c5-562d-9cbf-8cfed4ee923b,a2c6a537-f34a-53d5-94c1-902d7253394a,b3335777-dc5f-5448-a777-923e6115c08c,to go up/rise/increase in value,value,https://github.com/winterdl/oxford-5000-vocabulary-audio-definition,Reviewed as private study evidence for the selected sense and used only to guide original app-authored examples.,{},private_study_only,false
d2c49ca7-9bba-51f4-acb1-f86cd9ae1ffb,53dd57d1-b7b4-5869-aed6-69088fe5e829,b3335777-dc5f-5448-a777-923e6115c08c,"different from somebody/something, American English is significantly different from British English.",different,https://github.com/winterdl/oxford-5000-vocabulary-audio-definition,Reviewed as private study evidence for the selected sense and used only to guide original app-authored examples.,{},private_study_only,false
ad4b4402-c0a6-5016-9bc1-ffb87a873d51,432fbebf-fa75-5935-afbc-822855110a52,b3335777-dc5f-5448-a777-923e6115c08c,to win/lose an argument,argument,https://github.com/winterdl/oxford-5000-vocabulary-audio-definition,Reviewed as private study evidence for the selected sense and used only to guide original app-authored examples.,{},private_study_only,false
94ceda22-2894-546d-b83c-6812d129d5f7,3cca23d8-b659-56ce-8d2f-54e666f47509,b3335777-dc5f-5448-a777-923e6115c08c,"When he said that, I had to agree.",agree,https://github.com/winterdl/oxford-5000-vocabulary-audio-definition,Reviewed as private study evidence for the selected sense and used only to guide original app-authored examples.,{},private_study_only,false
4ebd3d45-a838-5e29-bbed-818cdf88eee4,690c73c3-ac3a-5a11-b9d2-106e445659cd,b3335777-dc5f-5448-a777-923e6115c08c,We have very similar interests.,similar,https://github.com/winterdl/oxford-5000-vocabulary-audio-definition,Reviewed as private study evidence for the selected sense and used only to guide original app-authored examples.,{},private_study_only,false
21d44246-d6d3-57ea-b82a-d1a09eacf955,4c11242b-bbca-53e4-aa08-210282140112,b3335777-dc5f-5448-a777-923e6115c08c,"polite to somebody, Please be polite to our guests.",polite,https://github.com/winterdl/oxford-5000-vocabulary-audio-definition,Reviewed as private study evidence for the selected sense and used only to guide original app-authored examples.,{},private_study_only,false
2706d6fa-7957-53fc-9f4f-6e6ddcd90128,8fca57d7-e961-5345-8c62-efcd8547fb2d,b3335777-dc5f-5448-a777-923e6115c08c,"attitude towards somebody/something, These societies have to change their attitudes towards women.",attitude,https://github.com/winterdl/oxford-5000-vocabulary-audio-definition,Reviewed as private study evidence for the selected sense and used only to guide original app-authored examples.,{},private_study_only,false
5e48c32a-0c97-5b55-9288-39ef3365e6cc,832f7619-e297-5c5c-8e3e-548c821c84ff,b3335777-dc5f-5448-a777-923e6115c08c,"responsible for doing something, Mike is responsible for designing the entire project.",responsible,https://github.com/winterdl/oxford-5000-vocabulary-audio-definition,Reviewed as private study evidence for the selected sense and used only to guide original app-authored examples.,{},private_study_only,false
25acd6d9-c2ac-5ea2-878b-3d120eaca44c,4fed3d1a-de2a-5b8f-91e7-5e8af12eb8d1,b3335777-dc5f-5448-a777-923e6115c08c,religious/cultural/ancient traditions,tradition,https://github.com/winterdl/oxford-5000-vocabulary-audio-definition,Reviewed as private study evidence for the selected sense and used only to guide original app-authored examples.,{},private_study_only,false
9fc45fce-50c8-577e-9ec7-b00c0f015a47,f8763aac-31ee-5aa7-8b15-5aa09dc5f0ad,b3335777-dc5f-5448-a777-923e6115c08c,We grew up together.,together,https://github.com/winterdl/oxford-5000-vocabulary-audio-definition,Reviewed as private study evidence for the selected sense and used only to guide original app-authored examples.,{},private_study_only,false
112a1442-2505-51e2-88bd-22822839d3e3,5867aca3-b11d-5a2d-bd7c-54a346c4931e,b3335777-dc5f-5448-a777-923e6115c08c,a common problem/occurrence/practice,common,https://github.com/winterdl/oxford-5000-vocabulary-audio-definition,Reviewed as private study evidence for the selected sense and used only to guide original app-authored examples.,{},private_study_only,false
d5e0dafb-ace9-5c47-ab88-c04fce9b3c05,6ef06b39-d11e-5274-97ce-8f9492303d9b,b3335777-dc5f-5448-a777-923e6115c08c,His early work shows the influence of Cézanne and Matisse.,influence,https://github.com/winterdl/oxford-5000-vocabulary-audio-definition,Reviewed as private study evidence for the selected sense and used only to guide original app-authored examples.,{},private_study_only,false
4bf01cc4-16a0-5898-aded-e5035f0a4de4,1a9a484a-415f-5492-8606-7840b49fcae2,b3335777-dc5f-5448-a777-923e6115c08c,"protect somebody/something/yourself, to protect children/citizens/civilians/consumers/workers",protect,https://github.com/winterdl/oxford-5000-vocabulary-audio-definition,Reviewed as private study evidence for the selected sense and used only to guide original app-authored examples.,{},private_study_only,false
5e7e8eb2-cf91-5840-bb06-5bea81e9d05d,6b53dbc5-4550-561d-80e7-72dd51d34524,b3335777-dc5f-5448-a777-923e6115c08c,"not alone in, Tom is not alone in finding Rick hard to work with.",alone,https://github.com/winterdl/oxford-5000-vocabulary-audio-definition,Reviewed as private study evidence for the selected sense and used only to guide original app-authored examples.,{},private_study_only,false
625b160b-913b-5b50-bda6-e303ede39687,cafe6556-95dd-516b-b85c-c9fcf54b3058,b3335777-dc5f-5448-a777-923e6115c08c,the younger/older generation,generation,https://github.com/winterdl/oxford-5000-vocabulary-audio-definition,Reviewed as private study evidence for the selected sense and used only to guide original app-authored examples.,{},private_study_only,false
f67d4729-4889-5d2c-bd46-7406b8377ef6,d12d2447-6bad-5894-aa41-5eb96f68c1db,b3335777-dc5f-5448-a777-923e6115c08c,Even friends disagree sometimes.,disagree,https://github.com/winterdl/oxford-5000-vocabulary-audio-definition,Reviewed as private study evidence for the selected sense and used only to guide original app-authored examples.,{},private_study_only,false
25492b01-7687-5e84-98fe-5122c01025fd,5484abcb-b70f-52de-8b99-c02d92a98de4,b3335777-dc5f-5448-a777-923e6115c08c,"encourage somebody, We were greatly encouraged by the positive response of the public.",encourage,https://github.com/winterdl/oxford-5000-vocabulary-audio-definition,Reviewed as private study evidence for the selected sense and used only to guide original app-authored examples.,{},private_study_only,false
a003b2ec-be86-5b7c-9b0b-f90293a5b267,35f3e46f-2ee2-5633-b76f-913627996ef4,b3335777-dc5f-5448-a777-923e6115c08c,We only communicate by email.,communicate,https://github.com/winterdl/oxford-5000-vocabulary-audio-definition,Reviewed as private study evidence for the selected sense and used only to guide original app-authored examples.,{},private_study_only,false
29ebb372-5e2c-5bb4-a146-537877117332,9c91b6cf-0620-51a6-8c90-9e3924e15894,b3335777-dc5f-5448-a777-923e6115c08c,"in a house, We live in a two-bedroom house.",house,https://github.com/winterdl/oxford-5000-vocabulary-audio-definition,Reviewed as private study evidence for the selected sense and used only to guide original app-authored examples.,{},private_study_only,false
322b6acd-1016-54d1-9f4e-0c3fe5d22165,8d080aba-a26c-5884-a573-203e6db37b15,b3335777-dc5f-5448-a777-923e6115c08c,a tall/high-rise/ten-storey building,building,https://github.com/winterdl/oxford-5000-vocabulary-audio-definition,Reviewed as private study evidence for the selected sense and used only to guide original app-authored examples.,{},private_study_only,false
65ba2bdd-8462-510f-a83e-4a31d9af065d,3421d574-f85a-5b57-9930-7196ab6d060e,b3335777-dc5f-5448-a777-923e6115c08c,I heard him enter the room.,room,https://github.com/winterdl/oxford-5000-vocabulary-audio-definition,Reviewed as private study evidence for the selected sense and used only to guide original app-authored examples.,{},private_study_only,false
2b9dded8-7c87-5d6b-ae2b-7650ce9b7e0d,908bc68b-7a2b-5b47-9562-e4db3ab060ee,b3335777-dc5f-5448-a777-923e6115c08c,Old people prefer to stay in their own homes.,home,https://github.com/winterdl/oxford-5000-vocabulary-audio-definition,Reviewed as private study evidence for the selected sense and used only to guide original app-authored examples.,{},private_study_only,false
c4a11e34-cff7-56b5-8917-d2127264f2ba,b48a70c8-740a-5e50-b06b-618dcfca49ac,b3335777-dc5f-5448-a777-923e6115c08c,to build a wall,wall,https://github.com/winterdl/oxford-5000-vocabulary-audio-definition,Reviewed as private study evidence for the selected sense and used only to guide original app-authored examples.,{},private_study_only,false
42c6f80a-197a-5097-bd1a-cf5cc222a757,28814bd9-11b1-5227-86c9-7bccba77715e,b3335777-dc5f-5448-a777-923e6115c08c,the spare/guest bedroom,bedroom,https://github.com/winterdl/oxford-5000-vocabulary-audio-definition,Reviewed as private study evidence for the selected sense and used only to guide original app-authored examples.,{},private_study_only,false
02c86864-10ee-5feb-96ee-5685a3fc7c93,8ffa69c9-a924-5217-b2b2-62b3bbe3447b,b3335777-dc5f-5448-a777-923e6115c08c,an apartment building,apartment,https://github.com/winterdl/oxford-5000-vocabulary-audio-definition,Reviewed as private study evidence for the selected sense and used only to guide original app-authored examples.,{},private_study_only,false
b76eca2e-104d-51f4-a67f-f2c60cbe63e3,4a669547-f687-5e9f-9390-bcc9459b275b,b3335777-dc5f-5448-a777-923e6115c08c,Go and wash your hands in the bathroom.,bathroom,https://github.com/winterdl/oxford-5000-vocabulary-audio-definition,Reviewed as private study evidence for the selected sense and used only to guide original app-authored examples.,{},private_study_only,false
4a70bd4b-b006-5ce9-bb8e-ce14c084f0e3,7c3e1b70-804c-5d57-aa90-7964b15a4e80,b3335777-dc5f-5448-a777-923e6115c08c,We ate at the kitchen table.,kitchen,https://github.com/winterdl/oxford-5000-vocabulary-audio-definition,Reviewed as private study evidence for the selected sense and used only to guide original app-authored examples.,{},private_study_only,false
20d7364a-6eb5-52a2-9fe4-c11b58109a7e,f339465f-0d68-51be-b427-85744f6b240c,b3335777-dc5f-5448-a777-923e6115c08c,"out of the window, She looked out of the window.",window,https://github.com/winterdl/oxford-5000-vocabulary-audio-definition,Reviewed as private study evidence for the selected sense and used only to guide original app-authored examples.,{},private_study_only,false
4183f5cf-0628-50e7-a762-bcbcb902e88f,2acb17cf-3800-575e-ad3e-1c9e2209de9e,b3335777-dc5f-5448-a777-923e6115c08c,a wooden/concrete/tiled floor,floor,https://github.com/winterdl/oxford-5000-vocabulary-audio-definition,Reviewed as private study evidence for the selected sense and used only to guide original app-authored examples.,{},private_study_only,false
37ae3c1e-b36b-50cb-bf07-6e0cf7f14bb2,62022b79-e181-5f12-b36f-1122b06a39eb,b3335777-dc5f-5448-a777-923e6115c08c,Open the door!,door,https://github.com/winterdl/oxford-5000-vocabulary-audio-definition,Reviewed as private study evidence for the selected sense and used only to guide original app-authored examples.,{},private_study_only,false
f3748d89-ded4-5dbf-9e7c-909a0096f8bf,c3ea42f2-ffd7-5df3-ab80-c02db8e2b321,b3335777-dc5f-5448-a777-923e6115c08c,a front/back/rear garden,garden,https://github.com/winterdl/oxford-5000-vocabulary-audio-definition,Reviewed as private study evidence for the selected sense and used only to guide original app-authored examples.,{},private_study_only,false
6f389ca7-3553-5c8a-a01a-29056ed97482,ac1edc3b-12f9-5774-b9af-0cd90d10e74a,b3335777-dc5f-5448-a777-923e6115c08c,"at a/the table, We sat at a round table in the corner.",table,https://github.com/winterdl/oxford-5000-vocabulary-audio-definition,Reviewed as private study evidence for the selected sense and used only to guide original app-authored examples.,{},private_study_only,false
3391e0ca-126e-598d-9bb7-d4f66454c4eb,2628492b-2e66-5114-a0cd-3d2c20550c3a,b3335777-dc5f-5448-a777-923e6115c08c,a table and chairs,chair,https://github.com/winterdl/oxford-5000-vocabulary-audio-definition,Reviewed as private study evidence for the selected sense and used only to guide original app-authored examples.,{},private_study_only,false
b9251450-0264-5cbc-9f6b-a6313f44f2c9,3e0354f7-edc7-52ec-bfd5-2d1c3d2a7e08,b3335777-dc5f-5448-a777-923e6115c08c,"in a hall, Her brother was standing in the front hall.",hall,https://github.com/winterdl/oxford-5000-vocabulary-audio-definition,Reviewed as private study evidence for the selected sense and used only to guide original app-authored examples.,{},private_study_only,false
7f23758e-05bb-567c-8743-859f4ab1301a,50e7edee-0e71-5f2f-a891-79fd91fd69ab,b3335777-dc5f-5448-a777-923e6115c08c,a flat/sloping/pitched roof,roof,https://github.com/winterdl/oxford-5000-vocabulary-audio-definition,Reviewed as private study evidence for the selected sense and used only to guide original app-authored examples.,{},private_study_only,false
59298389-8033-5e78-a0d9-98524a347aca,28783f02-bf7d-5a98-a195-da9227a2328b,b3335777-dc5f-5448-a777-923e6115c08c,a single/double bed,bed,https://github.com/winterdl/oxford-5000-vocabulary-audio-definition,Reviewed as private study evidence for the selected sense and used only to guide original app-authored examples.,{},private_study_only,false
f5db64aa-c3a5-5a77-be6c-07ea82de3937,f6f7609c-979f-5203-906d-1bd5335371c5,b3335777-dc5f-5448-a777-923e6115c08c,garden/office furniture,furniture,https://github.com/winterdl/oxford-5000-vocabulary-audio-definition,Reviewed as private study evidence for the selected sense and used only to guide original app-authored examples.,{},private_study_only,false
8e6ca1ad-0d46-5788-ad73-24f44d54e5cf,0bea869e-55d5-5432-8492-fab23f31a7d7,b3335777-dc5f-5448-a777-923e6115c08c,a large room with a high ceiling,ceiling,https://github.com/winterdl/oxford-5000-vocabulary-audio-definition,Reviewed as private study evidence for the selected sense and used only to guide original app-authored examples.,{},private_study_only,false
67a0f721-d99c-5b64-a7c4-26570c61eb2b,fa8e1c15-49dd-5896-ae6b-50b3268f1f51,b3335777-dc5f-5448-a777-923e6115c08c,"at a desk, I spend all day sitting at a desk.",desk,https://github.com/winterdl/oxford-5000-vocabulary-audio-definition,Reviewed as private study evidence for the selected sense and used only to guide original app-authored examples.,{},private_study_only,false
687d6caf-035e-5b3e-b8b5-4657287b5a01,821d3dbb-8437-5380-ab95-e010784c056b,b3335777-dc5f-5448-a777-923e6115c08c,bright/dim light,light,https://github.com/winterdl/oxford-5000-vocabulary-audio-definition,Reviewed as private study evidence for the selected sense and used only to guide original app-authored examples.,{},private_study_only,false
83daff99-f273-5f0a-92e4-2affa1728b13,bd52f273-01cb-58c1-95e2-e426cd2b7657,b3335777-dc5f-5448-a777-923e6115c08c,the front/back/side entrance of the house,entrance,https://github.com/winterdl/oxford-5000-vocabulary-audio-definition,Reviewed as private study evidence for the selected sense and used only to guide original app-authored examples.,{},private_study_only,false
24ad9572-9294-5f7b-ba38-33aa0b708f0b,b9696101-7cce-54dc-a5a1-dc68debe1d4a,b3335777-dc5f-5448-a777-923e6115c08c,a double garage (= one for two cars),garage,https://github.com/winterdl/oxford-5000-vocabulary-audio-definition,Reviewed as private study evidence for the selected sense and used only to guide original app-authored examples.,{},private_study_only,false
7ce22b3a-aae6-5369-b705-a8ce66567fc0,facb9455-ee61-59c3-a2c8-2d1134657c98,b3335777-dc5f-5448-a777-923e6115c08c,I helped him put up some shelves in his bedroom.,,https://github.com/winterdl/oxford-5000-vocabulary-audio-definition,Reviewed as private study evidence for the selected sense and used only to guide original app-authored examples.,{},private_study_only,false
5b2baa44-b823-522f-8bd8-4a8f3a8683c9,db37b4c7-cdf7-54f3-b0a3-bf7ca614a41e,b3335777-dc5f-5448-a777-923e6115c08c,to put/turn the key in the lock,key,https://github.com/winterdl/oxford-5000-vocabulary-audio-definition,Reviewed as private study evidence for the selected sense and used only to guide original app-authored examples.,{},private_study_only,false
a27952be-2235-5b2e-8d32-85c62e7f0253,6117a01c-3a8a-517b-9785-75a8156bf93b,b3335777-dc5f-5448-a777-923e6115c08c,"in the mirror, He looked at himself in the mirror.",mirror,https://github.com/winterdl/oxford-5000-vocabulary-audio-definition,Reviewed as private study evidence for the selected sense and used only to guide original app-authored examples.,{},private_study_only,false
28d75bc9-c5b7-5ff0-b38e-0d743e1a3291,bc770f57-02cb-5102-a533-187888350484,b3335777-dc5f-5448-a777-923e6115c08c,He spent the morning laying the new carpet.,carpet,https://github.com/winterdl/oxford-5000-vocabulary-audio-definition,Reviewed as private study evidence for the selected sense and used only to guide original app-authored examples.,{},private_study_only,false
174d40ab-f849-502b-9b25-40ba2b3bb891,be9dca37-5b5b-5e38-8eed-8398b73fdc35,b3335777-dc5f-5448-a777-923e6115c08c,a desk/bedside lamp,lamp,https://github.com/winterdl/oxford-5000-vocabulary-audio-definition,Reviewed as private study evidence for the selected sense and used only to guide original app-authored examples.,{},private_study_only,false
236c3aa4-b3e1-593e-8c0d-8ccef553a66a,fff00b10-9f9f-5939-a689-b166d010f7f2,b3335777-dc5f-5448-a777-923e6115c08c,She turned the key in the lock.,lock,https://github.com/winterdl/oxford-5000-vocabulary-audio-definition,Reviewed as private study evidence for the selected sense and used only to guide original app-authored examples.,{},private_study_only,false
cdea48ee-4c33-5733-85d1-9d6f5a4ae82a,f4f5f7d2-f617-52c9-9573-821b8760381b,b3335777-dc5f-5448-a777-923e6115c08c,a cabinet meeting,cabinet,https://github.com/winterdl/oxford-5000-vocabulary-audio-definition,Reviewed as private study evidence for the selected sense and used only to guide original app-authored examples.,{},private_study_only,false
a00154a9-0fb5-5261-b088-fa6bd2329cc1,be53a7fa-e882-5845-b0b7-c2f2710747d8,b3335777-dc5f-5448-a777-923e6115c08c,to draw/pull/close the curtains (= to pull them across the window so they cover it),curtain,https://github.com/winterdl/oxford-5000-vocabulary-audio-definition,Reviewed as private study evidence for the selected sense and used only to guide original app-authored examples.,{},private_study_only,false
093bf19d-07ca-5745-92ac-69836a171858,abacf929-c9b5-5085-bf71-74ab473fc856,b3335777-dc5f-5448-a777-923e6115c08c,Have you flushed the toilet?,toilet,https://github.com/winterdl/oxford-5000-vocabulary-audio-definition,Reviewed as private study evidence for the selected sense and used only to guide original app-authored examples.,{},private_study_only,false
d42d003e-3a6f-5a55-a961-5351e915b505,e5eb51fc-589d-5de4-95ef-f69798950514,b3335777-dc5f-5448-a777-923e6115c08c,It’s cold tonight—can I have another blanket?,blanket,https://github.com/winterdl/oxford-5000-vocabulary-audio-definition,Reviewed as private study evidence for the selected sense and used only to guide original app-authored examples.,{},private_study_only,false
8c6fd86c-9d99-5988-be60-0d24da7f89c7,a8ea1c95-01ae-5057-81f8-4409cf602f64,b3335777-dc5f-5448-a777-923e6115c08c,He filled the cup with water.,cup,https://github.com/winterdl/oxford-5000-vocabulary-audio-definition,Reviewed as private study evidence for the selected sense and used only to guide original app-authored examples.,{},private_study_only,false
f8af1553-87cf-5b90-b008-e839cb603cef,29c332d7-3a49-5787-9d57-768be089b097,b3335777-dc5f-5448-a777-923e6115c08c,a sheet/pane of glass,glass,https://github.com/winterdl/oxford-5000-vocabulary-audio-definition,Reviewed as private study evidence for the selected sense and used only to guide original app-authored examples.,{},private_study_only,false
539513d5-be08-5b51-bb05-2c5a832c4702,76121aaf-3118-575b-b0a2-cb8ef52c2d81,b3335777-dc5f-5448-a777-923e6115c08c,everyday objects such as cups and saucers,object,https://github.com/winterdl/oxford-5000-vocabulary-audio-definition,Reviewed as private study evidence for the selected sense and used only to guide original app-authored examples.,{},private_study_only,false
6290812b-5b98-51bc-a70e-d4f9d5992132,9eae686b-e2ac-52f8-96d4-d2e5211f06d7,b3335777-dc5f-5448-a777-923e6115c08c,Can you pass me that thing over there?,thing,https://github.com/winterdl/oxford-5000-vocabulary-audio-definition,Reviewed as private study evidence for the selected sense and used only to guide original app-authored examples.,{},private_study_only,false
74e5fcf8-7466-53c5-8c9e-2daa295c2623,af2adaf9-f92c-5b26-9316-155cbf59aeb1,b3335777-dc5f-5448-a777-923e6115c08c,"in a box, Everything we owned was neatly packed in cardboard boxes.",box,https://github.com/winterdl/oxford-5000-vocabulary-audio-definition,Reviewed as private study evidence for the selected sense and used only to guide original app-authored examples.,{},private_study_only,false
f966ca9b-07b8-5166-9bf1-3e2a71d4eddc,043a44f7-5e86-5d72-8d2a-0be91ec50c2d,b3335777-dc5f-5448-a777-923e6115c08c,He was carrying a heavy bag of groceries.,bag,https://github.com/winterdl/oxford-5000-vocabulary-audio-definition,Reviewed as private study evidence for the selected sense and used only to guide original app-authored examples.,{},private_study_only,false
49e816dc-6082-511d-afc1-5bec27dd261f,3d9ca351-58f6-500f-bc0f-4920217bd308,b3335777-dc5f-5448-a777-923e6115c08c,a wine/beer/milk/water bottle,bottle,https://github.com/winterdl/oxford-5000-vocabulary-audio-definition,Reviewed as private study evidence for the selected sense and used only to guide original app-authored examples.,{},private_study_only,false
6ac52253-a0f0-53a9-b698-e444681bcef2,d72f5974-0fe6-5201-ab69-c00e17c4de24,b3335777-dc5f-5448-a777-923e6115c08c,knives and forks,,https://github.com/winterdl/oxford-5000-vocabulary-audio-definition,Reviewed as private study evidence for the selected sense and used only to guide original app-authored examples.,{},private_study_only,false
bb6377c1-9254-5d91-a8c0-5b8c50725c46,1ce943f7-0587-512d-92c4-d5d3fe7cc08f,b3335777-dc5f-5448-a777-923e6115c08c,a widescreen/flat-screen/plasma television,television,https://github.com/winterdl/oxford-5000-vocabulary-audio-definition,Reviewed as private study evidence for the selected sense and used only to guide original app-authored examples.,{},private_study_only,false
37fefe78-0ac2-5e98-a9d6-8b6b720660cf,4e31994e-d60f-5cca-bc5c-127665b1691f,b3335777-dc5f-5448-a777-923e6115c08c,a baking/serving dish,dish,https://github.com/winterdl/oxford-5000-vocabulary-audio-definition,Reviewed as private study evidence for the selected sense and used only to guide original app-authored examples.,{},private_study_only,false
1a22b5d7-6c4d-5c40-bb1a-69fc89744382,5d22e84f-c938-50e7-918c-08315568619f,b3335777-dc5f-5448-a777-923e6115c08c,a home computer,computer,https://github.com/winterdl/oxford-5000-vocabulary-audio-definition,Reviewed as private study evidence for the selected sense and used only to guide original app-authored examples.,{},private_study_only,false
3b9e69cd-8f08-5424-b769-8733870ec03d,bd4498c3-9c24-5711-b706-16a7fef62636,b3335777-dc5f-5448-a777-923e6115c08c,sandwiches on a plate,plate,https://github.com/winterdl/oxford-5000-vocabulary-audio-definition,Reviewed as private study evidence for the selected sense and used only to guide original app-authored examples.,{},private_study_only,false
15932fe1-d090-5ff5-a589-d98a1a6c06bc,84d8676f-0cda-5c55-b0a8-7f1ecee97a9b,b3335777-dc5f-5448-a777-923e6115c08c,I have to make a phone call.,phone,https://github.com/winterdl/oxford-5000-vocabulary-audio-definition,Reviewed as private study evidence for the selected sense and used only to guide original app-authored examples.,{},private_study_only,false
eead33fd-88b8-5797-9510-f36753ec7c8c,78c5a796-46ad-58bb-b9eb-0a3c35724818,b3335777-dc5f-5448-a777-923e6115c08c,a salad/fruit/sugar bowl,bowl,https://github.com/winterdl/oxford-5000-vocabulary-audio-definition,Reviewed as private study evidence for the selected sense and used only to guide original app-authored examples.,{},private_study_only,false
ba6c2816-236f-5f07-8de9-c5152a33a70e,54397d1c-217e-5203-b81e-a8095a484ad1,b3335777-dc5f-5448-a777-923e6115c08c,The clock struck twelve/midnight.,clock,https://github.com/winterdl/oxford-5000-vocabulary-audio-definition,Reviewed as private study evidence for the selected sense and used only to guide original app-authored examples.,{},private_study_only,false
9758b6eb-1683-53e9-bc5f-c2d320999117,395628aa-0e09-528d-a863-b4bd1e5bfd5c,b3335777-dc5f-5448-a777-923e6115c08c,Help yourself to a clean towel.,towel,https://github.com/winterdl/oxford-5000-vocabulary-audio-definition,Reviewed as private study evidence for the selected sense and used only to guide original app-authored examples.,{},private_study_only,false
6ae2fab5-ad03-5491-aed1-501ce35cd807,00f98913-7627-5f23-b9b9-e3e0888b1724,b3335777-dc5f-5448-a777-923e6115c08c,a plastic/metal spoon,spoon,https://github.com/winterdl/oxford-5000-vocabulary-audio-definition,Reviewed as private study evidence for the selected sense and used only to guide original app-authored examples.,{},private_study_only,false
0760d7f7-dc2f-5637-990d-2e725c839d6e,bd6f02e9-0b78-5a58-b189-2e0bafab05f1,b3335777-dc5f-5448-a777-923e6115c08c,"carry somebody/something, He was carrying a large bag.",carry,https://github.com/winterdl/oxford-5000-vocabulary-audio-definition,Reviewed as private study evidence for the selected sense and used only to guide original app-authored examples.,{},private_study_only,false
0b7dfc63-8b7e-5dbf-8212-74d76ddaefea,14326a65-1325-5f40-bd88-112ca54f0a68,b3335777-dc5f-5448-a777-923e6115c08c,to eat with a knife and fork,fork,https://github.com/winterdl/oxford-5000-vocabulary-audio-definition,Reviewed as private study evidence for the selected sense and used only to guide original app-authored examples.,{},private_study_only,false
5e4c268d-f00d-5112-af9d-05622816c22c,b60e3677-eb65-5c4b-b501-c411445a032b,b3335777-dc5f-5448-a777-923e6115c08c,pots and pans,pot,https://github.com/winterdl/oxford-5000-vocabulary-audio-definition,Reviewed as private study evidence for the selected sense and used only to guide original app-authored examples.,{},private_study_only,false
3d5b2cfe-5233-595c-bfb3-8a2f00b3f870,38339116-bfe9-5e8a-9ad6-966235b5c0cb,b3335777-dc5f-5448-a777-923e6115c08c,"Put the cases down there, please.",put,https://github.com/winterdl/oxford-5000-vocabulary-audio-definition,Reviewed as private study evidence for the selected sense and used only to guide original app-authored examples.,{},private_study_only,false
5bf7ee71-df4a-5b9f-845f-4d48db4d8e25,a9c8a60d-d533-50e6-81ff-208c58e178b5,b3335777-dc5f-5448-a777-923e6115c08c,I spent all day cooking and cleaning.,clean,https://github.com/winterdl/oxford-5000-vocabulary-audio-definition,Reviewed as private study evidence for the selected sense and used only to guide original app-authored examples.,{},private_study_only,false
f0f032c2-1a1b-55ac-91ed-8c7308f9fcb9,2b3a7d07-e381-5801-9a40-fcf9ca8a3a5f,b3335777-dc5f-5448-a777-923e6115c08c,Mr Chen opened the car door for his wife.,open,https://github.com/winterdl/oxford-5000-vocabulary-audio-definition,Reviewed as private study evidence for the selected sense and used only to guide original app-authored examples.,{},private_study_only,false
b667a63d-dc9d-51e1-8352-95989d6f001a,1c416ba5-b361-5d7a-a275-00df117c4efa,b3335777-dc5f-5448-a777-923e6115c08c,Wash the affected area with soap and water.,soap,https://github.com/winterdl/oxford-5000-vocabulary-audio-definition,Reviewed as private study evidence for the selected sense and used only to guide original app-authored examples.,{},private_study_only,false
8faa8adc-0785-58bb-874b-bff4cada0ca5,2fe546f1-a3ad-51a6-b787-7723b73baaf0,b3335777-dc5f-5448-a777-923e6115c08c,a paintbrush,brush,https://github.com/winterdl/oxford-5000-vocabulary-audio-definition,Reviewed as private study evidence for the selected sense and used only to guide original app-authored examples.,{},private_study_only,false
491c6e0f-f140-50a1-937b-0b25ebfaff3e,ed6777b0-b091-5ae9-9c69-efdced3ed10a,b3335777-dc5f-5448-a777-923e6115c08c,The kids tend to raid the fridge when they get home from school.,fridge,https://github.com/winterdl/oxford-5000-vocabulary-audio-definition,Reviewed as private study evidence for the selected sense and used only to guide original app-authored examples.,{},private_study_only,false
14d71690-5099-5c1e-afd6-30b1522d88fc,b222da87-ad35-5af3-a97b-fe79d711e640,b3335777-dc5f-5448-a777-923e6115c08c,"use something, Can I use the photocopier?",use,https://github.com/winterdl/oxford-5000-vocabulary-audio-definition,Reviewed as private study evidence for the selected sense and used only to guide original app-authored examples.,{},private_study_only,false
09981632-0c05-5be8-a3f5-41a7f9230a86,d5575035-88c6-551e-b8dd-45de6019d133,b3335777-dc5f-5448-a777-923e6115c08c,"need something/somebody, Do you need any help?",need,https://github.com/winterdl/oxford-5000-vocabulary-audio-definition,Reviewed as private study evidence for the selected sense and used only to guide original app-authored examples.,{},private_study_only,false
67ad1624-4350-5b06-8c6b-a123d50ecfac,bc42250d-e9b0-5548-8520-507905032ee7,b3335777-dc5f-5448-a777-923e6115c08c,a glass of water,water,https://github.com/winterdl/oxford-5000-vocabulary-audio-definition,Reviewed as private study evidence for the selected sense and used only to guide original app-authored examples.,{},private_study_only,false
af2201f7-248d-5133-b28a-dab8187696a2,e1d0b281-bd1d-5357-8c29-6bf28b878198,b3335777-dc5f-5448-a777-923e6115c08c,"wash something/somebody, These jeans need washing.",wash,https://github.com/winterdl/oxford-5000-vocabulary-audio-definition,Reviewed as private study evidence for the selected sense and used only to guide original app-authored examples.,{},private_study_only,false
da422638-ba4f-5d18-9561-bca753924574,d138c02e-250d-5173-81f2-a28ae44637f6,b3335777-dc5f-5448-a777-923e6115c08c,Where did you learn to cook?,cook,https://github.com/winterdl/oxford-5000-vocabulary-audio-definition,Reviewed as private study evidence for the selected sense and used only to guide original app-authored examples.,{},private_study_only,false
5ccdec6f-a10f-5032-bc79-7dcdb143a82b,5215b60d-5cd3-5a42-a3eb-0a623e84c11f,b3335777-dc5f-5448-a777-923e6115c08c,Take the cake out of the oven.,oven,https://github.com/winterdl/oxford-5000-vocabulary-audio-definition,Reviewed as private study evidence for the selected sense and used only to guide original app-authored examples.,{},private_study_only,false
d963375f-3134-58ab-b328-cefa3cbfb3bd,6f1fdc81-f614-5260-a096-1c9d093de999,b3335777-dc5f-5448-a777-923e6115c08c,Don't move—stay perfectly still.,move,https://github.com/winterdl/oxford-5000-vocabulary-audio-definition,Reviewed as private study evidence for the selected sense and used only to guide original app-authored examples.,{},private_study_only,false
919d5514-4e91-5ad5-a134-bf78f0a14ad4,6d0a7cba-1364-5548-b3aa-3c0d577e9868,b3335777-dc5f-5448-a777-923e6115c08c,Do you own your house or do you rent it?,own,https://github.com/winterdl/oxford-5000-vocabulary-audio-definition,Reviewed as private study evidence for the selected sense and used only to guide original app-authored examples.,{},private_study_only,false
c3ecc2e1-700d-5cba-90b7-263d80e4d0b6,dc445442-7ec6-5d43-bf3c-6022e778dfcb,b3335777-dc5f-5448-a777-923e6115c08c,to repair a car/television,repair,https://github.com/winterdl/oxford-5000-vocabulary-audio-definition,Reviewed as private study evidence for the selected sense and used only to guide original app-authored examples.,{},private_study_only,false
8d917d2c-9add-5e9c-95cb-e79819cb00e5,81510652-c6de-5075-8fc1-0f2ea93237e3,b3335777-dc5f-5448-a777-923e6115c08c,materials that conduct electricity,electricity,https://github.com/winterdl/oxford-5000-vocabulary-audio-definition,Reviewed as private study evidence for the selected sense and used only to guide original app-authored examples.,{},private_study_only,false
05cad4f4-64c4-5871-bf9f-cd05fd3ee0d2,b95b0ea1-6fe5-5911-9a67-f26885036a1d,b3335777-dc5f-5448-a777-923e6115c08c,The car won't start—can you fix it?,fix,https://github.com/winterdl/oxford-5000-vocabulary-audio-definition,Reviewed as private study evidence for the selected sense and used only to guide original app-authored examples.,{},private_study_only,false
659d172c-d8c6-56cb-827b-9b61f891cf24,f8384550-fef8-5c67-ab11-463e0ad8888d,b3335777-dc5f-5448-a777-923e6115c08c,a shopping basket,basket,https://github.com/winterdl/oxford-5000-vocabulary-audio-definition,Reviewed as private study evidence for the selected sense and used only to guide original app-authored examples.,{},private_study_only,false
e3ffd674-5f94-5bec-ae18-87f20a7f34b3,6635203e-9ad1-5faa-a561-4932d0f5c1e3,b3335777-dc5f-5448-a777-923e6115c08c,It's such a comfortable bed.,comfortable,https://github.com/winterdl/oxford-5000-vocabulary-audio-definition,Reviewed as private study evidence for the selected sense and used only to guide original app-authored examples.,{},private_study_only,false
5a7d47cd-321e-5bda-b5eb-f37e83e44ad9,c6457a5d-be5a-5773-869a-d3cf856d2e5f,b3335777-dc5f-5448-a777-923e6115c08c,The children are quite safe here.,safe,https://github.com/winterdl/oxford-5000-vocabulary-audio-definition,Reviewed as private study evidence for the selected sense and used only to guide original app-authored examples.,{},private_study_only,false
5facfb3a-45d3-5541-97e9-e02b618da569,4e5508d3-8261-59db-a090-20056046533f,b3335777-dc5f-5448-a777-923e6115c08c,Are you looking to buy or rent?,rent,https://github.com/winterdl/oxford-5000-vocabulary-audio-definition,Reviewed as private study evidence for the selected sense and used only to guide original app-authored examples.,{},private_study_only,false
