evidence_id,sense_id,headword,quoted_text,matched_span,source_title,source_url_or_locator,usage_analysis,paper_types,license,copyright_status,human_review,review_reason,review_status
oxford_family_n_1,family_n_1,family,I introduced Neil to the other members of my family.,family,Oxford 3000/5000 repository dataset,https://github.com/winterdl/oxford-5000-vocabulary-audio-definition,Reviewed as private study evidence for the selected sense and used only to guide original app-authored examples.,,not_declared,private_study_only,F,,approved
oxford_parent_n_1,parent_n_1,parent,He's still living with his parents.,parent,Oxford 3000/5000 repository dataset,https://github.com/winterdl/oxford-5000-vocabulary-audio-definition,Reviewed as private study evidence for the selected sense and used only to guide original app-authored examples.,,not_declared,private_study_only,F,,approved
oxford_mother_n_1,mother_n_1,mother,I want to buy a present for my mother and father.,mother,Oxford 3000/5000 repository dataset,https://github.com/winterdl/oxford-5000-vocabulary-audio-definition,Reviewed as private study evidence for the selected sense and used only to guide original app-authored examples.,,not_declared,private_study_only,F,,approved
oxford_child_n_1,child_n_1,child,a child of 3/a 3-year-old child,child,Oxford 3000/5000 repository dataset,https://github.com/winterdl/oxford-5000-vocabulary-audio-definition,Reviewed as private study evidence for the selected sense and used only to guide original app-authored examples.,,not_declared,private_study_only,F,,approved
oxford_father_n_1,father_n_1,father,My father died in 2017.,father,Oxford 3000/5000 repository dataset,https://github.com/winterdl/oxford-5000-vocabulary-audio-definition,Reviewed as private study evidence for the selected sense and used only to guide original app-authored examples.,,not_declared,private_study_only,F,,approved
oxford_son_n_1,son_n_1,son,their four-year-old son,son,Oxford 3000/5000 repository dataset,https://github.com/winterdl/oxford-5000-vocabulary-audio-definition,Reviewed as private study evidence for the selected sense and used only to guide original app-authored examples.,,not_declared,private_study_only,F,,approved
oxford_daughter_n_1,daughter_n_1,daughter,We have two sons and a daughter.,daughter,Oxford 3000/5000 repository dataset,https://github.com/winterdl/oxford-5000-vocabulary-audio-definition,Reviewed as private study evidence for the selected sense and used only to guide original app-authored examples.,,not_declared,private_study_only,F,,approved
oxford_baby_n_1,baby_n_1,baby,The baby's crying!,baby,Oxford 3000/5000 repository dataset,https://github.com/winterdl/oxford-5000-vocabulary-audio-definition,Reviewed as private study evidence for the selected sense and used only to guide original app-authored examples.,,not_declared,private_study_only,F,,approved
oxford_brother_n_1,brother_n_1,brother,We're brothers.,brother,Oxford 3000/5000 repository dataset,https://github.com/winterdl/oxford-5000-vocabulary-audio-definition,Reviewed as private study evidence for the selected sense and used only to guide original app-authored examples.,,not_declared,private_study_only,F,,approved
oxford_dad_n_1,dad_n_1,dad,That's my dad over there.,dad,Oxford 3000/5000 repository dataset,https://github.com/winterdl/oxford-5000-vocabulary-audio-definition,Reviewed as private study evidence for the selected sense and used only to guide original app-authored examples.,,not_declared,private_study_only,F,,approved
oxford_husband_n_1,husband_n_1,husband,"This is my husband, Steve.",husband,Oxford 3000/5000 repository dataset,https://github.com/winterdl/oxford-5000-vocabulary-audio-definition,Reviewed as private study evidence for the selected sense and used only to guide original app-authored examples.,,not_declared,private_study_only,F,,approved
oxford_wife_n_1,wife_n_1,wife,I met my wife at university.,wife,Oxford 3000/5000 repository dataset,https://github.com/winterdl/oxford-5000-vocabulary-audio-definition,Reviewed as private study evidence for the selected sense and used only to guide original app-authored examples.,,not_declared,private_study_only,F,,approved
oxford_sister_n_1,sister_n_1,sister,She's my sister.,sister,Oxford 3000/5000 repository dataset,https://github.com/winterdl/oxford-5000-vocabulary-audio-definition,Reviewed as private study evidence for the selected sense and used only to guide original app-authored examples.,,not_declared,private_study_only,F,,approved
oxford_married_adj_1,married_adj_1,married,a married man/woman,married,Oxford 3000/5000 repository dataset,https://github.com/winterdl/oxford-5000-vocabulary-audio-definition,Reviewed as private study evidence for the selected sense and used only to guide original app-authored examples.,,not_declared,private_study_only,F,,approved
oxford_adult_n_1,adult_n_1,adult,Children must be accompanied by an adult.,adult,Oxford 3000/5000 repository dataset,https://github.com/winterdl/oxford-5000-vocabulary-audio-definition,Reviewed as private study evidence for the selected sense and used only to guide original app-authored examples.,,not_declared,private_study_only,F,,approved
oxford_person_n_1,person_n_1,person,What sort of person would do a thing like that?,person,Oxford 3000/5000 repository dataset,https://github.com/winterdl/oxford-5000-vocabulary-audio-definition,Reviewed as private study evidence for the selected sense and used only to guide original app-authored examples.,,not_declared,private_study_only,F,,approved
oxford_aunt_n_1,aunt_n_1,aunt,Aunt Alice,aunt,Oxford 3000/5000 repository dataset,https://github.com/winterdl/oxford-5000-vocabulary-audio-definition,Reviewed as private study evidence for the selected sense and used only to guide original app-authored examples.,,not_declared,private_study_only,F,,approved
oxford_boy_n_1,boy_n_1,boy,a little/small/young boy,boy,Oxford 3000/5000 repository dataset,https://github.com/winterdl/oxford-5000-vocabulary-audio-definition,Reviewed as private study evidence for the selected sense and used only to guide original app-authored examples.,,not_declared,private_study_only,F,,approved
oxford_girl_n_1,girl_n_1,girl,a little girl of six,girl,Oxford 3000/5000 repository dataset,https://github.com/winterdl/oxford-5000-vocabulary-audio-definition,Reviewed as private study evidence for the selected sense and used only to guide original app-authored examples.,,not_declared,private_study_only,F,,approved
oxford_marriage_n_1,marriage_n_1,marriage,a happy/an unhappy marriage,marriage,Oxford 3000/5000 repository dataset,https://github.com/winterdl/oxford-5000-vocabulary-audio-definition,Reviewed as private study evidence for the selected sense and used only to guide original app-authored examples.,,not_declared,private_study_only,F,,approved
oxford_uncle_n_1,uncle_n_1,uncle,Uncle Ian,uncle,Oxford 3000/5000 repository dataset,https://github.com/winterdl/oxford-5000-vocabulary-audio-definition,Reviewed as private study evidence for the selected sense and used only to guide original app-authored examples.,,not_declared,private_study_only,F,,approved
oxford_cousin_n_1,cousin_n_1,cousin,She's my cousin.,cousin,Oxford 3000/5000 repository dataset,https://github.com/winterdl/oxford-5000-vocabulary-audio-definition,Reviewed as private study evidence for the selected sense and used only to guide original app-authored examples.,,not_declared,private_study_only,F,,approved
oxford_man_n_1,man_n_1,man,a good-looking young man,man,Oxford 3000/5000 repository dataset,https://github.com/winterdl/oxford-5000-vocabulary-audio-definition,Reviewed as private study evidence for the selected sense and used only to guide original app-authored examples.,,not_declared,private_study_only,F,,approved
oxford_woman_n_1,woman_n_1,woman,a 54-year-old woman,woman,Oxford 3000/5000 repository dataset,https://github.com/winterdl/oxford-5000-vocabulary-audio-definition,Reviewed as private study evidence for the selected sense and used only to guide original app-authored examples.,,not_declared,private_study_only,F,,approved
oxford_age_n_1,age_n_1,age,You're the same age as my brother.,age,Oxford 3000/5000 repository dataset,https://github.com/winterdl/oxford-5000-vocabulary-audio-definition,Reviewed as private study evidence for the selected sense and used only to guide original app-authored examples.,,not_declared,private_study_only,F,,approved
oxford_relative_n_1,relative_n_1,relative,a close/distant relative,relative,Oxford 3000/5000 repository dataset,https://github.com/winterdl/oxford-5000-vocabulary-audio-definition,Reviewed as private study evidence for the selected sense and used only to guide original app-authored examples.,,not_declared,private_study_only,F,,approved
oxford_grandmother_n_1,grandmother_n_1,grandmother,I always loved going to visit my grandmother.,grandmother,Oxford 3000/5000 repository dataset,https://github.com/winterdl/oxford-5000-vocabulary-audio-definition,Reviewed as private study evidence for the selected sense and used only to guide original app-authored examples.,,not_declared,private_study_only,F,,approved
oxford_people_n_1,people_n_1,people,At least ten people were killed in the crash.,people,Oxford 3000/5000 repository dataset,https://github.com/winterdl/oxford-5000-vocabulary-audio-definition,Reviewed as private study evidence for the selected sense and used only to guide original app-authored examples.,,not_declared,private_study_only,F,,approved
oxford_grandfather_n_1,grandfather_n_1,grandfather,The firm had been founded by his grandfather.,grandfather,Oxford 3000/5000 repository dataset,https://github.com/winterdl/oxford-5000-vocabulary-audio-definition,Reviewed as private study evidence for the selected sense and used only to guide original app-authored examples.,,not_declared,private_study_only,F,,approved
oxford_friend_n_1,friend_n_1,friend,This is my friend Tom.,friend,Oxford 3000/5000 repository dataset,https://github.com/winterdl/oxford-5000-vocabulary-audio-definition,Reviewed as private study evidence for the selected sense and used only to guide original app-authored examples.,,not_declared,private_study_only,F,,approved
oxford_kid_n_1,kid_n_1,kid,Do you have any kids?,kid,Oxford 3000/5000 repository dataset,https://github.com/winterdl/oxford-5000-vocabulary-audio-definition,Reviewed as private study evidence for the selected sense and used only to guide original app-authored examples.,,not_declared,private_study_only,F,,approved
oxford_name_n_1,name_n_1,name,What's your name?,name,Oxford 3000/5000 repository dataset,https://github.com/winterdl/oxford-5000-vocabulary-audio-definition,Reviewed as private study evidence for the selected sense and used only to guide original app-authored examples.,,not_declared,private_study_only,F,,approved
oxford_young_adj_1,young_adj_1,young,Young babies need to be wrapped up warmly.,young,Oxford 3000/5000 repository dataset,https://github.com/winterdl/oxford-5000-vocabulary-audio-definition,Reviewed as private study evidence for the selected sense and used only to guide original app-authored examples.,,not_declared,private_study_only,F,,approved
oxford_grandparent_n_1,grandparent_n_1,grandparent,The children are staying with their grandparents.,grandparent,Oxford 3000/5000 repository dataset,https://github.com/winterdl/oxford-5000-vocabulary-audio-definition,Reviewed as private study evidence for the selected sense and used only to guide original app-authored examples.,,not_declared,private_study_only,F,,approved
oxford_teenager_n_1,teenager_n_1,teenager,a magazine aimed at teenagers,teenager,Oxford 3000/5000 repository dataset,https://github.com/winterdl/oxford-5000-vocabulary-audio-definition,Reviewed as private study evidence for the selected sense and used only to guide original app-authored examples.,,not_declared,private_study_only,F,,approved
oxford_twin_n_1,twin_n_1,twin,She's expecting twins.,twin,Oxford 3000/5000 repository dataset,https://github.com/winterdl/oxford-5000-vocabulary-audio-definition,Reviewed as private study evidence for the selected sense and used only to guide original app-authored examples.,,not_declared,private_study_only,F,,approved
oxford_birth_n_1,birth_n_1,birth,"at birth, The baby weighed three kilos at birth.",birth,Oxford 3000/5000 repository dataset,https://github.com/winterdl/oxford-5000-vocabulary-audio-definition,Reviewed as private study evidence for the selected sense and used only to guide original app-authored examples.,,not_declared,private_study_only,F,,approved
oxford_heavy_adj_1,heavy_adj_1,heavy,a heavy weight/load,heavy,Oxford 3000/5000 repository dataset,https://github.com/winterdl/oxford-5000-vocabulary-audio-definition,Reviewed as private study evidence for the selected sense and used only to guide original app-authored examples.,,not_declared,private_study_only,F,,approved
oxford_strong_adj_1,strong_adj_1,strong,He's strong enough to lift a car!,strong,Oxford 3000/5000 repository dataset,https://github.com/winterdl/oxford-5000-vocabulary-audio-definition,Reviewed as private study evidence for the selected sense and used only to guide original app-authored examples.,,not_declared,private_study_only,F,,approved
oxford_height_n_1,height_n_1,height,Height: 210 mm. Width: 57 mm. Length: 170 mm.,height,Oxford 3000/5000 repository dataset,https://github.com/winterdl/oxford-5000-vocabulary-audio-definition,Reviewed as private study evidence for the selected sense and used only to guide original app-authored examples.,,not_declared,private_study_only,F,,approved
oxford_face_n_1,face_n_1,face,a pretty/pale/round face,face,Oxford 3000/5000 repository dataset,https://github.com/winterdl/oxford-5000-vocabulary-audio-definition,Reviewed as private study evidence for the selected sense and used only to guide original app-authored examples.,,not_declared,private_study_only,F,,approved
oxford_beautiful_adj_1,beautiful_adj_1,beautiful,a beautiful woman/girl,beautiful,Oxford 3000/5000 repository dataset,https://github.com/winterdl/oxford-5000-vocabulary-audio-definition,Reviewed as private study evidence for the selected sense and used only to guide original app-authored examples.,,not_declared,private_study_only,F,,approved
oxford_youth_n_1,youth_n_1,youth,"in somebody's youth, He had been a talented musician in his youth.",youth,Oxford 3000/5000 repository dataset,https://github.com/winterdl/oxford-5000-vocabulary-audio-definition,Reviewed as private study evidence for the selected sense and used only to guide original app-authored examples.,,not_declared,private_study_only,F,,approved
oxford_eye_n_1,eye_n_1,eye,The suspect has dark hair and green eyes.,eye,Oxford 3000/5000 repository dataset,https://github.com/winterdl/oxford-5000-vocabulary-audio-definition,Reviewed as private study evidence for the selected sense and used only to guide original app-authored examples.,,not_declared,private_study_only,F,,approved
oxford_tall_adj_1,tall_adj_1,tall,She's tall and thin.,tall,Oxford 3000/5000 repository dataset,https://github.com/winterdl/oxford-5000-vocabulary-audio-definition,Reviewed as private study evidence for the selected sense and used only to guide original app-authored examples.,,not_declared,private_study_only,F,,approved
oxford_hair_n_1,hair_n_1,hair,She has long dark hair.,hair,Oxford 3000/5000 repository dataset,https://github.com/winterdl/oxford-5000-vocabulary-audio-definition,Reviewed as private study evidence for the selected sense and used only to guide original app-authored examples.,,not_declared,private_study_only,F,,approved
oxford_pretty_adj_1,pretty_adj_1,pretty,a pretty face,pretty,Oxford 3000/5000 repository dataset,https://github.com/winterdl/oxford-5000-vocabulary-audio-definition,Reviewed as private study evidence for the selected sense and used only to guide original app-authored examples.,,not_declared,private_study_only,F,,approved
oxford_healthy_adj_1,healthy_adj_1,healthy,a healthy child/baby/adult,healthy,Oxford 3000/5000 repository dataset,https://github.com/winterdl/oxford-5000-vocabulary-audio-definition,Reviewed as private study evidence for the selected sense and used only to guide original app-authored examples.,,not_declared,private_study_only,F,,approved
oxford_weak_adj_1,weak_adj_1,weak,She is still weak after her illness.,weak,Oxford 3000/5000 repository dataset,https://github.com/winterdl/oxford-5000-vocabulary-audio-definition,Reviewed as private study evidence for the selected sense and used only to guide original app-authored examples.,,not_declared,private_study_only,F,,approved
oxford_hand_n_1,hand_n_1,hand,Ian placed a hand on her shoulder.,hand,Oxford 3000/5000 repository dataset,https://github.com/winterdl/oxford-5000-vocabulary-audio-definition,Reviewed as private study evidence for the selected sense and used only to guide original app-authored examples.,,not_declared,private_study_only,F,,approved
oxford_foot_n_1,foot_n_1,foot,My feet are aching.,,Oxford 3000/5000 repository dataset,https://github.com/winterdl/oxford-5000-vocabulary-audio-definition,Reviewed as private study evidence for the selected sense and used only to guide original app-authored examples.,,not_declared,private_study_only,F,,approved
oxford_head_n_1,head_n_1,head,She nodded her head in agreement.,head,Oxford 3000/5000 repository dataset,https://github.com/winterdl/oxford-5000-vocabulary-audio-definition,Reviewed as private study evidence for the selected sense and used only to guide original app-authored examples.,,not_declared,private_study_only,F,,approved
oxford_body_n_1,body_n_1,body,The human body is a complex structure.,body,Oxford 3000/5000 repository dataset,https://github.com/winterdl/oxford-5000-vocabulary-audio-definition,Reviewed as private study evidence for the selected sense and used only to guide original app-authored examples.,,not_declared,private_study_only,F,,approved
oxford_arm_n_1,arm_n_1,arm,He escaped with only a broken arm.,arm,Oxford 3000/5000 repository dataset,https://github.com/winterdl/oxford-5000-vocabulary-audio-definition,Reviewed as private study evidence for the selected sense and used only to guide original app-authored examples.,,not_declared,private_study_only,F,,approved
oxford_nose_n_1,nose_n_1,nose,She had dark eyes and a long narrow nose.,nose,Oxford 3000/5000 repository dataset,https://github.com/winterdl/oxford-5000-vocabulary-audio-definition,Reviewed as private study evidence for the selected sense and used only to guide original app-authored examples.,,not_declared,private_study_only,F,,approved
oxford_mouth_n_1,mouth_n_1,mouth,She opened her mouth to say something.,mouth,Oxford 3000/5000 repository dataset,https://github.com/winterdl/oxford-5000-vocabulary-audio-definition,Reviewed as private study evidence for the selected sense and used only to guide original app-authored examples.,,not_declared,private_study_only,F,,approved
oxford_childhood_n_1,childhood_n_1,childhood,"childhood, adolescence, and adulthood",childhood,Oxford 3000/5000 repository dataset,https://github.com/winterdl/oxford-5000-vocabulary-audio-definition,Reviewed as private study evidence for the selected sense and used only to guide original app-authored examples.,,not_declared,private_study_only,F,,approved
oxford_skin_n_1,skin_n_1,skin,to have dark/pale skin,skin,Oxford 3000/5000 repository dataset,https://github.com/winterdl/oxford-5000-vocabulary-audio-definition,Reviewed as private study evidence for the selected sense and used only to guide original app-authored examples.,,not_declared,private_study_only,F,,approved
oxford_ear_n_1,ear_n_1,ear,the left/right ear,ear,Oxford 3000/5000 repository dataset,https://github.com/winterdl/oxford-5000-vocabulary-audio-definition,Reviewed as private study evidence for the selected sense and used only to guide original app-authored examples.,,not_declared,private_study_only,F,,approved
oxford_leg_n_1,leg_n_1,leg,"Sit on the floor, stretching your legs out in front of you.",leg,Oxford 3000/5000 repository dataset,https://github.com/winterdl/oxford-5000-vocabulary-audio-definition,Reviewed as private study evidence for the selected sense and used only to guide original app-authored examples.,,not_declared,private_study_only,F,,approved
oxford_tooth_n_1,tooth_n_1,tooth,I've just had a tooth out at the dentist's.,tooth,Oxford 3000/5000 repository dataset,https://github.com/winterdl/oxford-5000-vocabulary-audio-definition,Reviewed as private study evidence for the selected sense and used only to guide original app-authored examples.,,not_declared,private_study_only,F,,approved
oxford_look_n_1,look_n_1,look,"look at somebody/something, Here, have a look at this.",look,Oxford 3000/5000 repository dataset,https://github.com/winterdl/oxford-5000-vocabulary-audio-definition,Reviewed as private study evidence for the selected sense and used only to guide original app-authored examples.,,not_declared,private_study_only,F,,approved
oxford_laugh_v_1,laugh_v_1,laugh,to laugh out loud,laugh,Oxford 3000/5000 repository dataset,https://github.com/winterdl/oxford-5000-vocabulary-audio-definition,Reviewed as private study evidence for the selected sense and used only to guide original app-authored examples.,,not_declared,private_study_only,F,,approved
oxford_voice_n_1,voice_n_1,voice,I could hear voices in the next room.,voice,Oxford 3000/5000 repository dataset,https://github.com/winterdl/oxford-5000-vocabulary-audio-definition,Reviewed as private study evidence for the selected sense and used only to guide original app-authored examples.,,not_declared,private_study_only,F,,approved
oxford_smile_v_1,smile_v_1,smile,to smile slightly/broadly,smile,Oxford 3000/5000 repository dataset,https://github.com/winterdl/oxford-5000-vocabulary-audio-definition,Reviewed as private study evidence for the selected sense and used only to guide original app-authored examples.,,not_declared,private_study_only,F,,approved
oxford_appearance_n_1,appearance_n_1,appearance,the physical/outward/external appearance of something,appearance,Oxford 3000/5000 repository dataset,https://github.com/winterdl/oxford-5000-vocabulary-audio-definition,Reviewed as private study evidence for the selected sense and used only to guide original app-authored examples.,,not_declared,private_study_only,F,,approved
oxford_dead_adj_1,dead_adj_1,dead,My mother's dead; she died in 2017.,dead,Oxford 3000/5000 repository dataset,https://github.com/winterdl/oxford-5000-vocabulary-audio-definition,Reviewed as private study evidence for the selected sense and used only to guide original app-authored examples.,,not_declared,private_study_only,F,,approved
oxford_male_adj_1,male_adj_1,male,a male friend/colleague/partner,male,Oxford 3000/5000 repository dataset,https://github.com/winterdl/oxford-5000-vocabulary-audio-definition,Reviewed as private study evidence for the selected sense and used only to guide original app-authored examples.,,not_declared,private_study_only,F,,approved
oxford_female_adj_1,female_adj_1,female,a female student/employee/artist/athlete,female,Oxford 3000/5000 repository dataset,https://github.com/winterdl/oxford-5000-vocabulary-audio-definition,Reviewed as private study evidence for the selected sense and used only to guide original app-authored examples.,,not_declared,private_study_only,F,,approved
oxford_cute_adj_1,cute_adj_1,cute,a cute little baby,cute,Oxford 3000/5000 repository dataset,https://github.com/winterdl/oxford-5000-vocabulary-audio-definition,Reviewed as private study evidence for the selected sense and used only to guide original app-authored examples.,,not_declared,private_study_only,F,,approved
oxford_alive_adj_1,alive_adj_1,alive,Is your mother still alive?,alive,Oxford 3000/5000 repository dataset,https://github.com/winterdl/oxford-5000-vocabulary-audio-definition,Reviewed as private study evidence for the selected sense and used only to guide original app-authored examples.,,not_declared,private_study_only,F,,approved
oxford_elderly_adj_1,elderly_adj_1,elderly,an elderly man/woman/lady,elderly,Oxford 3000/5000 repository dataset,https://github.com/winterdl/oxford-5000-vocabulary-audio-definition,Reviewed as private study evidence for the selected sense and used only to guide original app-authored examples.,,not_declared,private_study_only,F,,approved
oxford_pregnant_adj_1,pregnant_adj_1,pregnant,My wife is pregnant.,pregnant,Oxford 3000/5000 repository dataset,https://github.com/winterdl/oxford-5000-vocabulary-audio-definition,Reviewed as private study evidence for the selected sense and used only to guide original app-authored examples.,,not_declared,private_study_only,F,,approved
oxford_care_v_1,care_v_1,care,I don't care (= I will not be upset) if I never see him again!,care,Oxford 3000/5000 repository dataset,https://github.com/winterdl/oxford-5000-vocabulary-audio-definition,Reviewed as private study evidence for the selected sense and used only to guide original app-authored examples.,,not_declared,private_study_only,F,,approved
oxford_support_v_1,support_v_1,support,"support somebody/something, to support an idea/a view",support,Oxford 3000/5000 repository dataset,https://github.com/winterdl/oxford-5000-vocabulary-audio-definition,Reviewed as private study evidence for the selected sense and used only to guide original app-authored examples.,,not_declared,private_study_only,F,,approved
oxford_love_v_1,love_v_1,love,I love you.,love,Oxford 3000/5000 repository dataset,https://github.com/winterdl/oxford-5000-vocabulary-audio-definition,Reviewed as private study evidence for the selected sense and used only to guide original app-authored examples.,,not_declared,private_study_only,F,,approved
oxford_help_v_1,help_v_1,help,What can I do to help?,help,Oxford 3000/5000 repository dataset,https://github.com/winterdl/oxford-5000-vocabulary-audio-definition,Reviewed as private study evidence for the selected sense and used only to guide original app-authored examples.,,not_declared,private_study_only,F,,approved
oxford_live_v_1,live_v_1,live,to live in a house/a flat/an apartment,live,Oxford 3000/5000 repository dataset,https://github.com/winterdl/oxford-5000-vocabulary-audio-definition,Reviewed as private study evidence for the selected sense and used only to guide original app-authored examples.,,not_declared,private_study_only,F,,approved
oxford_share_v_1,share_v_1,share,There isn't an empty table. Would you mind sharing?,,Oxford 3000/5000 repository dataset,https://github.com/winterdl/oxford-5000-vocabulary-audio-definition,Reviewed as private study evidence for the selected sense and used only to guide original app-authored examples.,,not_declared,private_study_only,F,,approved
oxford_visit_v_1,visit_v_1,visit,My parents are coming to visit me next week.,visit,Oxford 3000/5000 repository dataset,https://github.com/winterdl/oxford-5000-vocabulary-audio-definition,Reviewed as private study evidence for the selected sense and used only to guide original app-authored examples.,,not_declared,private_study_only,F,,approved
oxford_relationship_n_1,relationship_n_1,relationship,a personal/working relationship,relationship,Oxford 3000/5000 repository dataset,https://github.com/winterdl/oxford-5000-vocabulary-audio-definition,Reviewed as private study evidence for the selected sense and used only to guide original app-authored examples.,,not_declared,private_study_only,F,,approved
oxford_remember_v_1,remember_v_1,remember,"remember somebody/something, This is Carla. Do you remember her?",remember,Oxford 3000/5000 repository dataset,https://github.com/winterdl/oxford-5000-vocabulary-audio-definition,Reviewed as private study evidence for the selected sense and used only to guide original app-authored examples.,,not_declared,private_study_only,F,,approved
oxford_know_v_1,know_v_1,know,"know something, No one knows the answer.",know,Oxford 3000/5000 repository dataset,https://github.com/winterdl/oxford-5000-vocabulary-audio-definition,Reviewed as private study evidence for the selected sense and used only to guide original app-authored examples.,,not_declared,private_study_only,F,,approved
oxford_nice_adj_1,nice_adj_1,nice,a nice day/smile/place,nice,Oxford 3000/5000 repository dataset,https://github.com/winterdl/oxford-5000-vocabulary-audio-definition,Reviewed as private study evidence for the selected sense and used only to guide original app-authored examples.,,not_declared,private_study_only,F,,approved
oxford_kind_adj_1,kind_adj_1,kind,a very kind and helpful person,kind,Oxford 3000/5000 repository dataset,https://github.com/winterdl/oxford-5000-vocabulary-audio-definition,Reviewed as private study evidence for the selected sense and used only to guide original app-authored examples.,,not_declared,private_study_only,F,,approved
oxford_respect_v_1,respect_v_1,respect,I respect Jack's opinion on most subjects.,respect,Oxford 3000/5000 repository dataset,https://github.com/winterdl/oxford-5000-vocabulary-audio-definition,Reviewed as private study evidence for the selected sense and used only to guide original app-authored examples.,,not_declared,private_study_only,F,,approved
oxford_culture_n_1,culture_n_1,culture,African/American/European/Islamic culture,culture,Oxford 3000/5000 repository dataset,https://github.com/winterdl/oxford-5000-vocabulary-audio-definition,Reviewed as private study evidence for the selected sense and used only to guide original app-authored examples.,,not_declared,private_study_only,F,,approved
oxford_friendly_adj_1,friendly_adj_1,friendly,a warm and friendly person,friendly,Oxford 3000/5000 repository dataset,https://github.com/winterdl/oxford-5000-vocabulary-audio-definition,Reviewed as private study evidence for the selected sense and used only to guide original app-authored examples.,,not_declared,private_study_only,F,,approved
oxford_community_n_1,community_n_1,community,The local community supported us from the start.,community,Oxford 3000/5000 repository dataset,https://github.com/winterdl/oxford-5000-vocabulary-audio-definition,Reviewed as private study evidence for the selected sense and used only to guide original app-authored examples.,,not_declared,private_study_only,F,,approved
oxford_quiet_adj_1,quiet_adj_1,quiet,her quiet voice,quiet,Oxford 3000/5000 repository dataset,https://github.com/winterdl/oxford-5000-vocabulary-audio-definition,Reviewed as private study evidence for the selected sense and used only to guide original app-authored examples.,,not_declared,private_study_only,F,,approved
oxford_role_n_1,role_n_1,role,She has landed the lead role (= the most important one) in a new play.,role,Oxford 3000/5000 repository dataset,https://github.com/winterdl/oxford-5000-vocabulary-audio-definition,Reviewed as private study evidence for the selected sense and used only to guide original app-authored examples.,,not_declared,private_study_only,F,,approved
oxford_trust_n_1,trust_n_1,trust,Our partnership is based on trust.,trust,Oxford 3000/5000 repository dataset,https://github.com/winterdl/oxford-5000-vocabulary-audio-definition,Reviewed as private study evidence for the selected sense and used only to guide original app-authored examples.,,not_declared,private_study_only,F,,approved
oxford_responsibility_n_1,responsibility_n_1,responsibility,to be in a position of responsibility,responsibility,Oxford 3000/5000 repository dataset,https://github.com/winterdl/oxford-5000-vocabulary-audio-definition,Reviewed as private study evidence for the selected sense and used only to guide original app-authored examples.,,not_declared,private_study_only,F,,approved
oxford_active_adj_1,active_adj_1,active,Staying physically active in later years can also keep you feeling younger.,active,Oxford 3000/5000 repository dataset,https://github.com/winterdl/oxford-5000-vocabulary-audio-definition,Reviewed as private study evidence for the selected sense and used only to guide original app-authored examples.,,not_declared,private_study_only,F,,approved
oxford_honest_adj_1,honest_adj_1,honest,an honest man/woman,honest,Oxford 3000/5000 repository dataset,https://github.com/winterdl/oxford-5000-vocabulary-audio-definition,Reviewed as private study evidence for the selected sense and used only to guide original app-authored examples.,,not_declared,private_study_only,F,,approved
oxford_raise_v_1,raise_v_1,raise,She raised the gun and fired.,raise,Oxford 3000/5000 repository dataset,https://github.com/winterdl/oxford-5000-vocabulary-audio-definition,Reviewed as private study evidence for the selected sense and used only to guide original app-authored examples.,,not_declared,private_study_only,F,,approved
oxford_value_n_1,value_n_1,value,to go up/rise/increase in value,value,Oxford 3000/5000 repository dataset,https://github.com/winterdl/oxford-5000-vocabulary-audio-definition,Reviewed as private study evidence for the selected sense and used only to guide original app-authored examples.,,not_declared,private_study_only,F,,approved
oxford_different_adj_1,different_adj_1,different,"different from somebody/something, American English is significantly different from British English.",different,Oxford 3000/5000 repository dataset,https://github.com/winterdl/oxford-5000-vocabulary-audio-definition,Reviewed as private study evidence for the selected sense and used only to guide original app-authored examples.,,not_declared,private_study_only,F,,approved
oxford_argument_n_1,argument_n_1,argument,to win/lose an argument,argument,Oxford 3000/5000 repository dataset,https://github.com/winterdl/oxford-5000-vocabulary-audio-definition,Reviewed as private study evidence for the selected sense and used only to guide original app-authored examples.,,not_declared,private_study_only,F,,approved
oxford_agree_v_1,agree_v_1,agree,"When he said that, I had to agree.",agree,Oxford 3000/5000 repository dataset,https://github.com/winterdl/oxford-5000-vocabulary-audio-definition,Reviewed as private study evidence for the selected sense and used only to guide original app-authored examples.,,not_declared,private_study_only,F,,approved
oxford_similar_adj_1,similar_adj_1,similar,We have very similar interests.,similar,Oxford 3000/5000 repository dataset,https://github.com/winterdl/oxford-5000-vocabulary-audio-definition,Reviewed as private study evidence for the selected sense and used only to guide original app-authored examples.,,not_declared,private_study_only,F,,approved
oxford_polite_adj_1,polite_adj_1,polite,"polite to somebody, Please be polite to our guests.",polite,Oxford 3000/5000 repository dataset,https://github.com/winterdl/oxford-5000-vocabulary-audio-definition,Reviewed as private study evidence for the selected sense and used only to guide original app-authored examples.,,not_declared,private_study_only,F,,approved
oxford_attitude_n_1,attitude_n_1,attitude,"attitude towards somebody/something, These societies have to change their attitudes towards women.",attitude,Oxford 3000/5000 repository dataset,https://github.com/winterdl/oxford-5000-vocabulary-audio-definition,Reviewed as private study evidence for the selected sense and used only to guide original app-authored examples.,,not_declared,private_study_only,F,,approved
oxford_responsible_adj_1,responsible_adj_1,responsible,"responsible for doing something, Mike is responsible for designing the entire project.",responsible,Oxford 3000/5000 repository dataset,https://github.com/winterdl/oxford-5000-vocabulary-audio-definition,Reviewed as private study evidence for the selected sense and used only to guide original app-authored examples.,,not_declared,private_study_only,F,,approved
oxford_tradition_n_1,tradition_n_1,tradition,religious/cultural/ancient traditions,tradition,Oxford 3000/5000 repository dataset,https://github.com/winterdl/oxford-5000-vocabulary-audio-definition,Reviewed as private study evidence for the selected sense and used only to guide original app-authored examples.,,not_declared,private_study_only,F,,approved
oxford_together_adv_1,together_adv_1,together,We grew up together.,together,Oxford 3000/5000 repository dataset,https://github.com/winterdl/oxford-5000-vocabulary-audio-definition,Reviewed as private study evidence for the selected sense and used only to guide original app-authored examples.,,not_declared,private_study_only,F,,approved
oxford_common_adj_1,common_adj_1,common,a common problem/occurrence/practice,common,Oxford 3000/5000 repository dataset,https://github.com/winterdl/oxford-5000-vocabulary-audio-definition,Reviewed as private study evidence for the selected sense and used only to guide original app-authored examples.,,not_declared,private_study_only,F,,approved
oxford_influence_n_1,influence_n_1,influence,His early work shows the influence of Cézanne and Matisse.,influence,Oxford 3000/5000 repository dataset,https://github.com/winterdl/oxford-5000-vocabulary-audio-definition,Reviewed as private study evidence for the selected sense and used only to guide original app-authored examples.,,not_declared,private_study_only,F,,approved
oxford_protect_v_1,protect_v_1,protect,"protect somebody/something/yourself, to protect children/citizens/civilians/consumers/workers",protect,Oxford 3000/5000 repository dataset,https://github.com/winterdl/oxford-5000-vocabulary-audio-definition,Reviewed as private study evidence for the selected sense and used only to guide original app-authored examples.,,not_declared,private_study_only,F,,approved
oxford_alone_adj_1,alone_adj_1,alone,"not alone in, Tom is not alone in finding Rick hard to work with.",alone,Oxford 3000/5000 repository dataset,https://github.com/winterdl/oxford-5000-vocabulary-audio-definition,Reviewed as private study evidence for the selected sense and used only to guide original app-authored examples.,,not_declared,private_study_only,F,,approved
oxford_generation_n_1,generation_n_1,generation,the younger/older generation,generation,Oxford 3000/5000 repository dataset,https://github.com/winterdl/oxford-5000-vocabulary-audio-definition,Reviewed as private study evidence for the selected sense and used only to guide original app-authored examples.,,not_declared,private_study_only,F,,approved
oxford_disagree_v_1,disagree_v_1,disagree,Even friends disagree sometimes.,disagree,Oxford 3000/5000 repository dataset,https://github.com/winterdl/oxford-5000-vocabulary-audio-definition,Reviewed as private study evidence for the selected sense and used only to guide original app-authored examples.,,not_declared,private_study_only,F,,approved
oxford_encourage_v_1,encourage_v_1,encourage,"encourage somebody, We were greatly encouraged by the positive response of the public.",encourage,Oxford 3000/5000 repository dataset,https://github.com/winterdl/oxford-5000-vocabulary-audio-definition,Reviewed as private study evidence for the selected sense and used only to guide original app-authored examples.,,not_declared,private_study_only,F,,approved
oxford_communicate_v_1,communicate_v_1,communicate,We only communicate by email.,communicate,Oxford 3000/5000 repository dataset,https://github.com/winterdl/oxford-5000-vocabulary-audio-definition,Reviewed as private study evidence for the selected sense and used only to guide original app-authored examples.,,not_declared,private_study_only,F,,approved
oxford_house_n_1,house_n_1,house,"in a house, We live in a two-bedroom house.",house,Oxford 3000/5000 repository dataset,https://github.com/winterdl/oxford-5000-vocabulary-audio-definition,Reviewed as private study evidence for the selected sense and used only to guide original app-authored examples.,,not_declared,private_study_only,F,,approved
oxford_building_n_1,building_n_1,building,a tall/high-rise/ten-storey building,building,Oxford 3000/5000 repository dataset,https://github.com/winterdl/oxford-5000-vocabulary-audio-definition,Reviewed as private study evidence for the selected sense and used only to guide original app-authored examples.,,not_declared,private_study_only,F,,approved
oxford_room_n_1,room_n_1,room,I heard him enter the room.,room,Oxford 3000/5000 repository dataset,https://github.com/winterdl/oxford-5000-vocabulary-audio-definition,Reviewed as private study evidence for the selected sense and used only to guide original app-authored examples.,,not_declared,private_study_only,F,,approved
oxford_home_n_1,home_n_1,home,Old people prefer to stay in their own homes.,home,Oxford 3000/5000 repository dataset,https://github.com/winterdl/oxford-5000-vocabulary-audio-definition,Reviewed as private study evidence for the selected sense and used only to guide original app-authored examples.,,not_declared,private_study_only,F,,approved
oxford_wall_n_1,wall_n_1,wall,to build a wall,wall,Oxford 3000/5000 repository dataset,https://github.com/winterdl/oxford-5000-vocabulary-audio-definition,Reviewed as private study evidence for the selected sense and used only to guide original app-authored examples.,,not_declared,private_study_only,F,,approved
oxford_bedroom_n_1,bedroom_n_1,bedroom,the spare/guest bedroom,bedroom,Oxford 3000/5000 repository dataset,https://github.com/winterdl/oxford-5000-vocabulary-audio-definition,Reviewed as private study evidence for the selected sense and used only to guide original app-authored examples.,,not_declared,private_study_only,F,,approved
oxford_apartment_n_1,apartment_n_1,apartment,an apartment building,apartment,Oxford 3000/5000 repository dataset,https://github.com/winterdl/oxford-5000-vocabulary-audio-definition,Reviewed as private study evidence for the selected sense and used only to guide original app-authored examples.,,not_declared,private_study_only,F,,approved
oxford_bathroom_n_1,bathroom_n_1,bathroom,Go and wash your hands in the bathroom.,bathroom,Oxford 3000/5000 repository dataset,https://github.com/winterdl/oxford-5000-vocabulary-audio-definition,Reviewed as private study evidence for the selected sense and used only to guide original app-authored examples.,,not_declared,private_study_only,F,,approved
oxford_kitchen_n_1,kitchen_n_1,kitchen,We ate at the kitchen table.,kitchen,Oxford 3000/5000 repository dataset,https://github.com/winterdl/oxford-5000-vocabulary-audio-definition,Reviewed as private study evidence for the selected sense and used only to guide original app-authored examples.,,not_declared,private_study_only,F,,approved
oxford_window_n_1,window_n_1,window,"out of the window, She looked out of the window.",window,Oxford 3000/5000 repository dataset,https://github.com/winterdl/oxford-5000-vocabulary-audio-definition,Reviewed as private study evidence for the selected sense and used only to guide original app-authored examples.,,not_declared,private_study_only,F,,approved
oxford_floor_n_1,floor_n_1,floor,a wooden/concrete/tiled floor,floor,Oxford 3000/5000 repository dataset,https://github.com/winterdl/oxford-5000-vocabulary-audio-definition,Reviewed as private study evidence for the selected sense and used only to guide original app-authored examples.,,not_declared,private_study_only,F,,approved
oxford_door_n_1,door_n_1,door,Open the door!,door,Oxford 3000/5000 repository dataset,https://github.com/winterdl/oxford-5000-vocabulary-audio-definition,Reviewed as private study evidence for the selected sense and used only to guide original app-authored examples.,,not_declared,private_study_only,F,,approved
oxford_garden_n_1,garden_n_1,garden,a front/back/rear garden,garden,Oxford 3000/5000 repository dataset,https://github.com/winterdl/oxford-5000-vocabulary-audio-definition,Reviewed as private study evidence for the selected sense and used only to guide original app-authored examples.,,not_declared,private_study_only,F,,approved
oxford_table_n_1,table_n_1,table,"at a/the table, We sat at a round table in the corner.",table,Oxford 3000/5000 repository dataset,https://github.com/winterdl/oxford-5000-vocabulary-audio-definition,Reviewed as private study evidence for the selected sense and used only to guide original app-authored examples.,,not_declared,private_study_only,F,,approved
oxford_chair_n_1,chair_n_1,chair,a table and chairs,chair,Oxford 3000/5000 repository dataset,https://github.com/winterdl/oxford-5000-vocabulary-audio-definition,Reviewed as private study evidence for the selected sense and used only to guide original app-authored examples.,,not_declared,private_study_only,F,,approved
oxford_hall_n_1,hall_n_1,hall,"in a hall, Her brother was standing in the front hall.",hall,Oxford 3000/5000 repository dataset,https://github.com/winterdl/oxford-5000-vocabulary-audio-definition,Reviewed as private study evidence for the selected sense and used only to guide original app-authored examples.,,not_declared,private_study_only,F,,approved
oxford_roof_n_1,roof_n_1,roof,a flat/sloping/pitched roof,roof,Oxford 3000/5000 repository dataset,https://github.com/winterdl/oxford-5000-vocabulary-audio-definition,Reviewed as private study evidence for the selected sense and used only to guide original app-authored examples.,,not_declared,private_study_only,F,,approved
oxford_bed_n_1,bed_n_1,bed,a single/double bed,bed,Oxford 3000/5000 repository dataset,https://github.com/winterdl/oxford-5000-vocabulary-audio-definition,Reviewed as private study evidence for the selected sense and used only to guide original app-authored examples.,,not_declared,private_study_only,F,,approved
oxford_furniture_n_1,furniture_n_1,furniture,garden/office furniture,furniture,Oxford 3000/5000 repository dataset,https://github.com/winterdl/oxford-5000-vocabulary-audio-definition,Reviewed as private study evidence for the selected sense and used only to guide original app-authored examples.,,not_declared,private_study_only,F,,approved
oxford_ceiling_n_1,ceiling_n_1,ceiling,a large room with a high ceiling,ceiling,Oxford 3000/5000 repository dataset,https://github.com/winterdl/oxford-5000-vocabulary-audio-definition,Reviewed as private study evidence for the selected sense and used only to guide original app-authored examples.,,not_declared,private_study_only,F,,approved
oxford_desk_n_1,desk_n_1,desk,"at a desk, I spend all day sitting at a desk.",desk,Oxford 3000/5000 repository dataset,https://github.com/winterdl/oxford-5000-vocabulary-audio-definition,Reviewed as private study evidence for the selected sense and used only to guide original app-authored examples.,,not_declared,private_study_only,F,,approved
oxford_light_n_1,light_n_1,light,bright/dim light,light,Oxford 3000/5000 repository dataset,https://github.com/winterdl/oxford-5000-vocabulary-audio-definition,Reviewed as private study evidence for the selected sense and used only to guide original app-authored examples.,,not_declared,private_study_only,F,,approved
oxford_entrance_n_1,entrance_n_1,entrance,the front/back/side entrance of the house,entrance,Oxford 3000/5000 repository dataset,https://github.com/winterdl/oxford-5000-vocabulary-audio-definition,Reviewed as private study evidence for the selected sense and used only to guide original app-authored examples.,,not_declared,private_study_only,F,,approved
oxford_garage_n_1,garage_n_1,garage,a double garage (= one for two cars),garage,Oxford 3000/5000 repository dataset,https://github.com/winterdl/oxford-5000-vocabulary-audio-definition,Reviewed as private study evidence for the selected sense and used only to guide original app-authored examples.,,not_declared,private_study_only,F,,approved
oxford_shelf_n_1,shelf_n_1,shelf,I helped him put up some shelves in his bedroom.,,Oxford 3000/5000 repository dataset,https://github.com/winterdl/oxford-5000-vocabulary-audio-definition,Reviewed as private study evidence for the selected sense and used only to guide original app-authored examples.,,not_declared,private_study_only,F,,approved
oxford_key_n_1,key_n_1,key,to put/turn the key in the lock,key,Oxford 3000/5000 repository dataset,https://github.com/winterdl/oxford-5000-vocabulary-audio-definition,Reviewed as private study evidence for the selected sense and used only to guide original app-authored examples.,,not_declared,private_study_only,F,,approved
oxford_mirror_n_1,mirror_n_1,mirror,"in the mirror, He looked at himself in the mirror.",mirror,Oxford 3000/5000 repository dataset,https://github.com/winterdl/oxford-5000-vocabulary-audio-definition,Reviewed as private study evidence for the selected sense and used only to guide original app-authored examples.,,not_declared,private_study_only,F,,approved
oxford_carpet_n_1,carpet_n_1,carpet,He spent the morning laying the new carpet.,carpet,Oxford 3000/5000 repository dataset,https://github.com/winterdl/oxford-5000-vocabulary-audio-definition,Reviewed as private study evidence for the selected sense and used only to guide original app-authored examples.,,not_declared,private_study_only,F,,approved
oxford_lamp_n_1,lamp_n_1,lamp,a desk/bedside lamp,lamp,Oxford 3000/5000 repository dataset,https://github.com/winterdl/oxford-5000-vocabulary-audio-definition,Reviewed as private study evidence for the selected sense and used only to guide original app-authored examples.,,not_declared,private_study_only,F,,approved
oxford_lock_n_1,lock_n_1,lock,She turned the key in the lock.,lock,Oxford 3000/5000 repository dataset,https://github.com/winterdl/oxford-5000-vocabulary-audio-definition,Reviewed as private study evidence for the selected sense and used only to guide original app-authored examples.,,not_declared,private_study_only,F,,approved
oxford_cabinet_n_1,cabinet_n_1,cabinet,a cabinet meeting,cabinet,Oxford 3000/5000 repository dataset,https://github.com/winterdl/oxford-5000-vocabulary-audio-definition,Reviewed as private study evidence for the selected sense and used only to guide original app-authored examples.,,not_declared,private_study_only,F,,approved
oxford_curtain_n_1,curtain_n_1,curtain,to draw/pull/close the curtains (= to pull them across the window so they cover it),curtain,Oxford 3000/5000 repository dataset,https://github.com/winterdl/oxford-5000-vocabulary-audio-definition,Reviewed as private study evidence for the selected sense and used only to guide original app-authored examples.,,not_declared,private_study_only,F,,approved
oxford_toilet_n_1,toilet_n_1,toilet,Have you flushed the toilet?,toilet,Oxford 3000/5000 repository dataset,https://github.com/winterdl/oxford-5000-vocabulary-audio-definition,Reviewed as private study evidence for the selected sense and used only to guide original app-authored examples.,,not_declared,private_study_only,F,,approved
oxford_blanket_n_1,blanket_n_1,blanket,It’s cold tonight—can I have another blanket?,blanket,Oxford 3000/5000 repository dataset,https://github.com/winterdl/oxford-5000-vocabulary-audio-definition,Reviewed as private study evidence for the selected sense and used only to guide original app-authored examples.,,not_declared,private_study_only,F,,approved
oxford_cup_n_1,cup_n_1,cup,He filled the cup with water.,cup,Oxford 3000/5000 repository dataset,https://github.com/winterdl/oxford-5000-vocabulary-audio-definition,Reviewed as private study evidence for the selected sense and used only to guide original app-authored examples.,,not_declared,private_study_only,F,,approved
oxford_glass_n_1,glass_n_1,glass,a sheet/pane of glass,glass,Oxford 3000/5000 repository dataset,https://github.com/winterdl/oxford-5000-vocabulary-audio-definition,Reviewed as private study evidence for the selected sense and used only to guide original app-authored examples.,,not_declared,private_study_only,F,,approved
oxford_object_n_1,object_n_1,object,everyday objects such as cups and saucers,object,Oxford 3000/5000 repository dataset,https://github.com/winterdl/oxford-5000-vocabulary-audio-definition,Reviewed as private study evidence for the selected sense and used only to guide original app-authored examples.,,not_declared,private_study_only,F,,approved
oxford_thing_n_1,thing_n_1,thing,Can you pass me that thing over there?,thing,Oxford 3000/5000 repository dataset,https://github.com/winterdl/oxford-5000-vocabulary-audio-definition,Reviewed as private study evidence for the selected sense and used only to guide original app-authored examples.,,not_declared,private_study_only,F,,approved
oxford_box_n_1,box_n_1,box,"in a box, Everything we owned was neatly packed in cardboard boxes.",box,Oxford 3000/5000 repository dataset,https://github.com/winterdl/oxford-5000-vocabulary-audio-definition,Reviewed as private study evidence for the selected sense and used only to guide original app-authored examples.,,not_declared,private_study_only,F,,approved
oxford_bag_n_1,bag_n_1,bag,He was carrying a heavy bag of groceries.,bag,Oxford 3000/5000 repository dataset,https://github.com/winterdl/oxford-5000-vocabulary-audio-definition,Reviewed as private study evidence for the selected sense and used only to guide original app-authored examples.,,not_declared,private_study_only,F,,approved
oxford_bottle_n_1,bottle_n_1,bottle,a wine/beer/milk/water bottle,bottle,Oxford 3000/5000 repository dataset,https://github.com/winterdl/oxford-5000-vocabulary-audio-definition,Reviewed as private study evidence for the selected sense and used only to guide original app-authored examples.,,not_declared,private_study_only,F,,approved
oxford_knife_n_1,knife_n_1,knife,knives and forks,,Oxford 3000/5000 repository dataset,https://github.com/winterdl/oxford-5000-vocabulary-audio-definition,Reviewed as private study evidence for the selected sense and used only to guide original app-authored examples.,,not_declared,private_study_only,F,,approved
oxford_television_n_1,television_n_1,television,a widescreen/flat-screen/plasma television,television,Oxford 3000/5000 repository dataset,https://github.com/winterdl/oxford-5000-vocabulary-audio-definition,Reviewed as private study evidence for the selected sense and used only to guide original app-authored examples.,,not_declared,private_study_only,F,,approved
oxford_dish_n_1,dish_n_1,dish,a baking/serving dish,dish,Oxford 3000/5000 repository dataset,https://github.com/winterdl/oxford-5000-vocabulary-audio-definition,Reviewed as private study evidence for the selected sense and used only to guide original app-authored examples.,,not_declared,private_study_only,F,,approved
oxford_computer_n_1,computer_n_1,computer,a home computer,computer,Oxford 3000/5000 repository dataset,https://github.com/winterdl/oxford-5000-vocabulary-audio-definition,Reviewed as private study evidence for the selected sense and used only to guide original app-authored examples.,,not_declared,private_study_only,F,,approved
oxford_plate_n_1,plate_n_1,plate,sandwiches on a plate,plate,Oxford 3000/5000 repository dataset,https://github.com/winterdl/oxford-5000-vocabulary-audio-definition,Reviewed as private study evidence for the selected sense and used only to guide original app-authored examples.,,not_declared,private_study_only,F,,approved
oxford_phone_n_1,phone_n_1,phone,I have to make a phone call.,phone,Oxford 3000/5000 repository dataset,https://github.com/winterdl/oxford-5000-vocabulary-audio-definition,Reviewed as private study evidence for the selected sense and used only to guide original app-authored examples.,,not_declared,private_study_only,F,,approved
oxford_bowl_n_1,bowl_n_1,bowl,a salad/fruit/sugar bowl,bowl,Oxford 3000/5000 repository dataset,https://github.com/winterdl/oxford-5000-vocabulary-audio-definition,Reviewed as private study evidence for the selected sense and used only to guide original app-authored examples.,,not_declared,private_study_only,F,,approved
oxford_clock_n_1,clock_n_1,clock,The clock struck twelve/midnight.,clock,Oxford 3000/5000 repository dataset,https://github.com/winterdl/oxford-5000-vocabulary-audio-definition,Reviewed as private study evidence for the selected sense and used only to guide original app-authored examples.,,not_declared,private_study_only,F,,approved
oxford_towel_n_1,towel_n_1,towel,Help yourself to a clean towel.,towel,Oxford 3000/5000 repository dataset,https://github.com/winterdl/oxford-5000-vocabulary-audio-definition,Reviewed as private study evidence for the selected sense and used only to guide original app-authored examples.,,not_declared,private_study_only,F,,approved
oxford_spoon_n_1,spoon_n_1,spoon,a plastic/metal spoon,spoon,Oxford 3000/5000 repository dataset,https://github.com/winterdl/oxford-5000-vocabulary-audio-definition,Reviewed as private study evidence for the selected sense and used only to guide original app-authored examples.,,not_declared,private_study_only,F,,approved
oxford_carry_v_1,carry_v_1,carry,"carry somebody/something, He was carrying a large bag.",carry,Oxford 3000/5000 repository dataset,https://github.com/winterdl/oxford-5000-vocabulary-audio-definition,Reviewed as private study evidence for the selected sense and used only to guide original app-authored examples.,,not_declared,private_study_only,F,,approved
oxford_fork_n_1,fork_n_1,fork,to eat with a knife and fork,fork,Oxford 3000/5000 repository dataset,https://github.com/winterdl/oxford-5000-vocabulary-audio-definition,Reviewed as private study evidence for the selected sense and used only to guide original app-authored examples.,,not_declared,private_study_only,F,,approved
oxford_pot_n_1,pot_n_1,pot,pots and pans,pot,Oxford 3000/5000 repository dataset,https://github.com/winterdl/oxford-5000-vocabulary-audio-definition,Reviewed as private study evidence for the selected sense and used only to guide original app-authored examples.,,not_declared,private_study_only,F,,approved
oxford_put_v_1,put_v_1,put,"Put the cases down there, please.",put,Oxford 3000/5000 repository dataset,https://github.com/winterdl/oxford-5000-vocabulary-audio-definition,Reviewed as private study evidence for the selected sense and used only to guide original app-authored examples.,,not_declared,private_study_only,F,,approved
oxford_clean_v_1,clean_v_1,clean,I spent all day cooking and cleaning.,clean,Oxford 3000/5000 repository dataset,https://github.com/winterdl/oxford-5000-vocabulary-audio-definition,Reviewed as private study evidence for the selected sense and used only to guide original app-authored examples.,,not_declared,private_study_only,F,,approved
oxford_open_v_1,open_v_1,open,Mr Chen opened the car door for his wife.,open,Oxford 3000/5000 repository dataset,https://github.com/winterdl/oxford-5000-vocabulary-audio-definition,Reviewed as private study evidence for the selected sense and used only to guide original app-authored examples.,,not_declared,private_study_only,F,,approved
oxford_soap_n_1,soap_n_1,soap,Wash the affected area with soap and water.,soap,Oxford 3000/5000 repository dataset,https://github.com/winterdl/oxford-5000-vocabulary-audio-definition,Reviewed as private study evidence for the selected sense and used only to guide original app-authored examples.,,not_declared,private_study_only,F,,approved
oxford_brush_n_1,brush_n_1,brush,a paintbrush,brush,Oxford 3000/5000 repository dataset,https://github.com/winterdl/oxford-5000-vocabulary-audio-definition,Reviewed as private study evidence for the selected sense and used only to guide original app-authored examples.,,not_declared,private_study_only,F,,approved
oxford_fridge_n_1,fridge_n_1,fridge,The kids tend to raid the fridge when they get home from school.,fridge,Oxford 3000/5000 repository dataset,https://github.com/winterdl/oxford-5000-vocabulary-audio-definition,Reviewed as private study evidence for the selected sense and used only to guide original app-authored examples.,,not_declared,private_study_only,F,,approved
oxford_use_v_1,use_v_1,use,"use something, Can I use the photocopier?",use,Oxford 3000/5000 repository dataset,https://github.com/winterdl/oxford-5000-vocabulary-audio-definition,Reviewed as private study evidence for the selected sense and used only to guide original app-authored examples.,,not_declared,private_study_only,F,,approved
oxford_need_v_1,need_v_1,need,"need something/somebody, Do you need any help?",need,Oxford 3000/5000 repository dataset,https://github.com/winterdl/oxford-5000-vocabulary-audio-definition,Reviewed as private study evidence for the selected sense and used only to guide original app-authored examples.,,not_declared,private_study_only,F,,approved
oxford_water_n_1,water_n_1,water,a glass of water,water,Oxford 3000/5000 repository dataset,https://github.com/winterdl/oxford-5000-vocabulary-audio-definition,Reviewed as private study evidence for the selected sense and used only to guide original app-authored examples.,,not_declared,private_study_only,F,,approved
oxford_wash_v_1,wash_v_1,wash,"wash something/somebody, These jeans need washing.",wash,Oxford 3000/5000 repository dataset,https://github.com/winterdl/oxford-5000-vocabulary-audio-definition,Reviewed as private study evidence for the selected sense and used only to guide original app-authored examples.,,not_declared,private_study_only,F,,approved
oxford_cook_v_1,cook_v_1,cook,Where did you learn to cook?,cook,Oxford 3000/5000 repository dataset,https://github.com/winterdl/oxford-5000-vocabulary-audio-definition,Reviewed as private study evidence for the selected sense and used only to guide original app-authored examples.,,not_declared,private_study_only,F,,approved
oxford_oven_n_1,oven_n_1,oven,Take the cake out of the oven.,oven,Oxford 3000/5000 repository dataset,https://github.com/winterdl/oxford-5000-vocabulary-audio-definition,Reviewed as private study evidence for the selected sense and used only to guide original app-authored examples.,,not_declared,private_study_only,F,,approved
oxford_move_v_1,move_v_1,move,Don't move—stay perfectly still.,move,Oxford 3000/5000 repository dataset,https://github.com/winterdl/oxford-5000-vocabulary-audio-definition,Reviewed as private study evidence for the selected sense and used only to guide original app-authored examples.,,not_declared,private_study_only,F,,approved
oxford_own_v_1,own_v_1,own,Do you own your house or do you rent it?,own,Oxford 3000/5000 repository dataset,https://github.com/winterdl/oxford-5000-vocabulary-audio-definition,Reviewed as private study evidence for the selected sense and used only to guide original app-authored examples.,,not_declared,private_study_only,F,,approved
oxford_repair_v_1,repair_v_1,repair,to repair a car/television,repair,Oxford 3000/5000 repository dataset,https://github.com/winterdl/oxford-5000-vocabulary-audio-definition,Reviewed as private study evidence for the selected sense and used only to guide original app-authored examples.,,not_declared,private_study_only,F,,approved
oxford_electricity_n_1,electricity_n_1,electricity,materials that conduct electricity,electricity,Oxford 3000/5000 repository dataset,https://github.com/winterdl/oxford-5000-vocabulary-audio-definition,Reviewed as private study evidence for the selected sense and used only to guide original app-authored examples.,,not_declared,private_study_only,F,,approved
oxford_fix_v_1,fix_v_1,fix,The car won't start—can you fix it?,fix,Oxford 3000/5000 repository dataset,https://github.com/winterdl/oxford-5000-vocabulary-audio-definition,Reviewed as private study evidence for the selected sense and used only to guide original app-authored examples.,,not_declared,private_study_only,F,,approved
oxford_basket_n_1,basket_n_1,basket,a shopping basket,basket,Oxford 3000/5000 repository dataset,https://github.com/winterdl/oxford-5000-vocabulary-audio-definition,Reviewed as private study evidence for the selected sense and used only to guide original app-authored examples.,,not_declared,private_study_only,F,,approved
oxford_comfortable_adj_1,comfortable_adj_1,comfortable,It's such a comfortable bed.,comfortable,Oxford 3000/5000 repository dataset,https://github.com/winterdl/oxford-5000-vocabulary-audio-definition,Reviewed as private study evidence for the selected sense and used only to guide original app-authored examples.,,not_declared,private_study_only,F,,approved
oxford_safe_adj_1,safe_adj_1,safe,The children are quite safe here.,safe,Oxford 3000/5000 repository dataset,https://github.com/winterdl/oxford-5000-vocabulary-audio-definition,Reviewed as private study evidence for the selected sense and used only to guide original app-authored examples.,,not_declared,private_study_only,F,,approved
oxford_rent_v_1,rent_v_1,rent,Are you looking to buy or rent?,rent,Oxford 3000/5000 repository dataset,https://github.com/winterdl/oxford-5000-vocabulary-audio-definition,Reviewed as private study evidence for the selected sense and used only to guide original app-authored examples.,,not_declared,private_study_only,F,,approved
