id,headword,display_spelling,frequency_rank,human_review
aa2cabca-2731-517f-b37a-dfa5b7352e40,active,active,1316,false
9de3bbdc-b298-5665-8209-eab713778aeb,adult,adult,969,false
08069a74-67c7-5a93-9cff-eaeb279801d7,age,age,363,false
c30c52f5-37d0-51d7-84ee-e38d617cc32c,agree,agree,401,false
4d94db1b-86a4-5ef8-b85a-1c474b14b215,alive,alive,1532,false
2055d1ae-2164-56fc-94a8-0125ed51ac4a,alone,alone,1097,false
b5c7648e-0156-5ada-a460-46b064865c57,apartment,apartment,1273,false
dec0ef55-1ff4-5e06-9bb3-1a7e4175f022,appearance,appearance,1435,false
12346ecb-347d-5ac5-a14f-abcf3ca1b6b1,argument,argument,832,false
1cb14623-1200-5ba7-a056-f2deff8b2cff,arm,arm,491,false
5561dee8-433a-5567-abf3-c10bf4a81566,attitude,attitude,920,false
d033c83a-e3c4-5238-bf32-65690bab8769,aunt,aunt,2569,false
43647738-b133-5d8a-bd8f-3318808d95f5,baby,baby,588,false
084baeff-1bfd-5b0c-a395-97d6d55be018,bag,bag,1008,false
22af4c99-013f-53f3-a623-72dfb37ef284,balcony,balcony,5402,false
9137fd80-8ddc-5cfc-b386-2b65c742072a,basket,basket,3255,false
a7388e34-9225-5d05-9021-64ce71ccefff,bathroom,bathroom,2404,false
2c24318c-5c70-5e7d-9e49-4bb171c7fce1,beard,beard,4690,false
c413fb20-3a0b-55d5-932a-1a04731bec9d,beautiful,beautiful,992,false
5e40264d-2b46-59f0-bb43-cce672e7aac4,bed,bed,563,false
2525730d-1269-5234-80e8-99173cc33906,bedroom,bedroom,1570,false
ac9eb104-9e02-5081-bdf9-f11427563868,behavior,behavior,658,false
2b6435ed-c8ea-582d-850a-a5e0199eb902,birth,birth,1499,false
6edc2e32-b119-547a-a154-5c84db1c0738,blanket,blanket,3306,false
15a42da7-5147-5479-9335-9f8eaaea45e2,body,body,274,false
f4a08ff5-e089-5def-99ca-e5cea9a57af3,born,born,1088,false
c387e3c1-466e-5244-915f-f54f2660837b,bottle,bottle,1584,false
e3177b8d-5e3a-5b92-bb0d-7a27b81824ce,bowl,bowl,1829,false
e12064bf-98b7-54e6-9ad7-ccefb43f1fba,box,box,795,false
69c047e0-4eb6-5bec-b17d-5c250bb8776f,boy,boy,382,false
e819ed39-0972-5e46-9f6e-a666bd33d521,brother,brother,614,false
14c576c9-7319-5a42-becc-2ba095eac4c0,brush,brush,3223,false
728b36ae-7917-5a3c-bfda-60ca4538e91a,building,building,420,false
5e04d42f-7db0-5762-a0be-3415d042cc9c,cabinet,cabinet,1378,false
9ecc3abc-0829-52c7-8751-8697a11a8a35,care,care,434,false
9de50056-5b8a-5899-8efc-afb6c7708e81,carpet,carpet,2484,false
064d865d-fe88-5dec-8a42-1fc0b9ab1d27,carry,carry,283,false
63008320-0403-5a1b-91b2-733d2f2d344b,ceiling,ceiling,2641,false
07a818ed-baa2-531f-b1b2-f3c6f728887c,chair,chair,946,false
9bb02efc-bc28-5080-8bc9-4474df8e0147,child,child,114,false
77ef53bb-328f-59b6-9898-d72b4e2649a4,childhood,childhood,2107,false
d4f34d52-0908-50c2-a547-fc46086fe3e7,clean,clean,1514,false
1f16d54c-c029-5bc3-b5f9-de9b096055b1,clock,clock,2543,false
0df5ff4f-0ce7-5d9e-a575-4eafce121c96,close,close,647,false
3f116456-fbaa-5b43-8ae2-6dd1c23f77c6,closet,closet,3473,false
9dd56963-4091-5cfc-8598-c9328312663a,comfortable,comfortable,1701,false
03e47a65-94bd-5314-ba9c-c49ff556a88a,common,common,554,false
27e5e31a-d036-5eda-b1dd-ac555a59feab,communicate,communicate,2672,false
5bdcd7d7-c6a7-54be-84c1-c6c99360b012,community,community,296,false
25e24628-0525-535a-9033-5c0b948cc182,computer,computer,580,false
9841fbff-ea14-5f8b-8d80-85930d07cb0c,cook,cook,1419,false
814d57e5-1cce-5f7f-bb93-753b8cbe4896,couch,couch,3375,false
8d608264-f4c6-5260-9778-58905566cb06,couple,couple,531,false
6c094c1b-0d76-52a0-b23a-95dbc28ac071,cousin,cousin,2714,false
763502c3-d16b-5dc1-8c74-3ca90e395d37,culture,culture,611,false
313bc46c-5adc-52d9-94a1-ea25a037017f,cup,cup,749,false
c2dde21f-2525-5d0c-929c-5008374ea58e,curtain,curtain,2492,false
384ab201-b0e0-5299-ad2c-689a7b0efb69,cute,cute,4345,false
5e796aa6-34f0-567b-8ffe-88798986783e,dad,dad,1311,false
62ef2aeb-e532-54b6-8a8a-65714fb6b524,daughter,daughter,634,false
fe971c41-18ec-5968-808e-2fafdee79ef3,dead,dead,726,false
39f02ac7-4ea4-5fb4-8a60-741474839c94,desk,desk,1659,false
2b294876-af0d-5a85-a743-4f6bdcdf5054,different,different,177,false
a30bab2a-7eb3-5356-9953-01ed66ad915a,disagree,disagree,2679,false
c61431d4-d063-50f2-b293-a5b3c3b3c117,dish,dish,1935,false
6d8bdd32-05dc-5608-a5d2-a3cc2cc16997,door,door,300,false
10556924-fc5e-5b0d-929a-7972d0753a37,drawer,drawer,4175,false
90585c4f-48f5-559c-8316-ea13c588c04c,ear,ear,1337,false
92616ecc-c39e-5fc4-811d-07606552fe46,elderly,elderly,1837,false
411b65b0-41cc-58a4-a67e-cda68f8180cd,electricity,electricity,2296,false
d863615e-dde9-5c7a-b774-98b41ce3b769,encourage,encourage,881,false
cf9ab3a3-df9d-5b34-8cab-1d7620084c19,entrance,entrance,2465,false
faf6f852-71b5-5fbc-9a09-844ea677e9f4,eye,eye,219,false
79413cef-e6d8-5960-b0d6-a7549a2fd493,face,face,282,false
b03af018-138b-5e4c-a472-5560a28b9703,family,family,147,false
980eb914-7cd7-5ffa-8097-bace94f18edf,father,father,267,false
185719ec-dd76-54c3-b2c7-0a1abafd4b3d,female,female,1396,false
8ae2bebe-efb0-587a-a9c7-4b541c3e1c60,fix,fix,1850,false
4ce5816c-d8df-5865-a8ad-6d2f70a1bb2d,floor,floor,639,false
98083952-a3dd-5fae-ba0d-6b3afaa840ca,foot,foot,380,false
5a312071-3949-57ca-8fce-85dc7e16e0e6,fork,fork,3758,false
20f47393-1f65-5240-a95d-c9ae09d40e23,fridge,fridge,5453,false
45937cfa-3396-5908-980c-8023e09ebb79,friend,friend,265,false
4c91de05-4389-59fe-9424-69c9d4370c2f,friendly,friendly,2241,false
79482d76-d0a8-56c2-9371-da200cf67baa,furniture,furniture,2428,false
aff33913-d8df-5f15-82ed-fe5d42c20062,garage,garage,3113,false
60eff5cb-a01b-512d-8db9-45ad974bb5fd,garden,garden,700,false
50d402e4-714a-58ba-9e9d-2653de24bb55,generation,generation,1026,false
b6567532-9167-5259-8671-370e6fc9effe,girl,girl,362,false
01ceabba-ba56-5378-9fc4-0ee8f44c043b,glass,glass,820,false
40b482b7-6a7b-5ad9-9d9a-78e25ce4386e,granddaughter,granddaughter,8528,false
63a7a852-b17f-50b2-b596-030f7a1b7dad,grandfather,grandfather,2950,false
80fdccb7-9b36-51e4-af3c-08942d5baf86,grandmother,grandmother,2495,false
8348132d-143f-597a-b92c-400f61838f70,grandparent,grandparent,4679,false
eaa173fe-d3da-5905-8b9a-c708616dc66d,grandson,grandson,6641,false
a9503178-6954-52ef-a1b9-d2df7631db13,grow,grow,353,false
93f921d3-8e28-521b-bdb2-3fcc8ba0eb73,hair,hair,602,false
8ceb46b7-1ef5-57a3-9687-5baf2cf56588,hall,hall,800,false
797332ab-a150-5b16-8553-ea284a052e1c,hand,hand,163,false
ea820e43-f956-5ddf-a55b-17b0cdc22fcb,handsome,handsome,3838,false
0628a3aa-c60d-5033-b4ba-a6e3ee73b2b7,head,head,209,false
1aeb3361-4bac-5f9d-b4dd-a3556f0f575d,healthy,healthy,1468,false
0799fa25-b89f-5d03-b2c9-437b1b5f7e5b,heavy,heavy,943,false
d6751365-562a-53ee-a4eb-51492f88bdf0,height,height,1913,false
0092299b-5d58-5fbc-b483-461323aa2602,help,help,167,false
53cb483c-dc1b-5294-97ab-e2d68a039a23,home,home,222,false
352e0305-d072-533d-ae73-93300bea4fb7,honest,honest,2530,false
2e52d6e5-7ac0-5e96-a7cf-d0b7762000ea,house,house,148,false
435264b6-1c58-587e-8a11-0d29278ec391,husband,husband,637,false
23981f93-59e0-5751-932f-8c60f0587997,independent,independent,1013,false
b522f587-67da-5229-acd4-050cfe9f2260,influence,influence,1061,false
d983e372-ebfd-5b0a-ab6d-e1e6cf93b269,keep,keep,156,false
3cf05b34-27f1-5512-8153-2348bf3c5785,key,key,1093,false
845637d6-e9f8-51ca-80b6-b38045e2353b,kid,kid,312,false
3a662548-5eab-5c4d-9acd-4fbf458f03ba,kind,kind,250,false
b1a8262a-e65d-5fc2-b6f9-bdf57949dd0c,kitchen,kitchen,1051,false
f0bc7598-2050-5228-81c5-52b74f1fbdd5,knife,knife,2240,false
840ea61d-9926-50cc-a9c6-78e42124dade,know,know,47,false
fae465ed-fd4c-538b-9284-4a399367e28e,lamp,lamp,3340,false
81f8e222-59c9-5600-8954-245c78d2fca4,laugh,laugh,861,false
432fe844-b79d-537b-8462-3c15ddb37834,leg,leg,851,false
0b497720-d034-5775-9bdf-53f7711fb0e6,light,light,464,false
e408406a-e69c-56d8-b603-c6db80fbfdd9,live,live,210,false
62ccba66-63e1-5e8f-a26c-383f842b0a11,lock,lock,2221,false
960743a8-92c0-5f06-b3b2-678fae636019,look,look,82,false
9a0e9ea1-8a87-57fe-9fb5-e1ab519fc5b5,love,love,390,false
ae762a3e-e009-5dd3-8804-9667f1c5cc84,male,male,1126,false
5222eec8-3263-5d43-9a1c-66ab518a8235,man,man,91,false
960cf6f5-8c18-5420-995f-c32d350ee8ec,marriage,marriage,1011,false
4c9a1056-f128-55d3-be94-90c4d1d97721,married,married,1610,false
6c0e2959-e901-5c98-aa38-63daa199beaa,mattress,mattress,6001,false
18803a68-ad85-586c-bd80-ae0dd86eaf5c,meet,meet,259,false
43142705-735b-5b38-bf1c-aaf8c586b269,mirror,mirror,1853,false
4bb7f3d5-d530-508b-9972-9105169c390c,mom,mom,1609,false
ee707d60-b7d5-5a2d-918d-5d4a8f88d83d,mother,mother,229,false
3c6e83b7-618d-57fa-8e52-50a19dadd32f,mouth,mouth,1011,false
3f354b3c-cb33-585b-953b-bd165b3254f7,move,move,207,false
cdfbf235-2779-5e22-b163-78f9b9c46ce3,name,name,271,false
84e0914a-175b-5507-bbe7-98d8c7e4b046,need,need,132,false
f3c25cb9-3068-501c-a260-bf84614f3eb2,neighbor,neighbor,1424,false
a161301c-9b89-53e0-b3cf-fe7acffc2d80,nephew,nephew,6362,false
fa87be24-490e-5e28-886f-d3b40cd3fe78,nice,nice,750,false
c3dc1d92-e848-50fc-87a4-7e1a8cb4a65e,niece,niece,7475,false
3833f038-4cc6-5319-b24c-0acd97f6cae7,nose,nose,1735,false
2cdb3814-6b80-5a57-a69b-b66805aa2456,object,object,1028,false
f6d19303-501f-5884-807a-fe16e15e6275,old,old,126,false
0c02ad94-9b78-50d4-9278-fc337fde99dd,open,open,355,false
c776fae1-9f82-5f8a-a445-e37dd3a4c364,oven,oven,2920,false
071f200f-b1a6-5478-aee0-bf9b280683ac,own,own,118,false
a717bda0-aa71-565b-970b-9e0be01e405d,pan,pan,2479,false
c7b71309-71b9-5cda-a712-b4ae6f288c90,parent,parent,327,false
8d126e0d-7b39-5dda-ab2f-9fe100a0abaf,partner,partner,1048,false
da57db1f-28d2-503f-945e-36678aa6229a,people,people,62,false
245d2d61-2f57-571e-96d1-500d63d0d20f,person,person,308,false
d734697e-1006-5bcb-a990-d8e821360538,phone,phone,557,false
cd129625-4c58-598d-b550-7c1d225d9a06,pillow,pillow,4017,false
9f70ca98-f480-5c8b-8b1f-3d2fb7039007,plate,plate,1494,false
f57a35eb-6cc2-5974-ae9d-4c829b2f0b47,polite,polite,4976,false
ff847689-fc44-5837-92d0-bc209c98a6a3,pot,pot,2235,false
bead1bb2-9d85-54d4-8f75-7d8fb21e91ae,pregnant,pregnant,2629,false
be5a5850-b0c3-54e0-af4d-b69716d468e6,pretty,pretty,797,false
034e31c9-6319-54d7-9dd1-ea86617ea1f2,protect,protect,749,false
edcf0c9a-573f-5fff-97f2-6754e696b8c8,put,put,116,false
3d5de9e9-178c-585d-abe6-2b3197465c5e,quiet,quiet,1435,false
55a191b8-aca3-5983-86db-d6e836ac6041,raise,raise,433,false
57e8ebea-ff88-5b5d-a295-e527f0b780ff,refrigerator,refrigerator,4133,false
ef3e4eec-660f-511a-9450-cb498b02f6f8,relationship,relationship,486,false
5ca7d27e-dad7-58e7-b8b1-9897bd4e9101,relative,relative,2255,false
ff5c5a2b-0d1e-509e-b69a-f709b26e8e55,remember,remember,346,false
cfa6cc5c-6913-59af-b09e-89a6239d72a2,rent,rent,2386,false
9266878e-cd95-564e-ba26-54763d8f6cac,repair,repair,2940,false
20ae840a-5074-5bbb-9947-b9d46aa75b58,respect,respect,1476,false
bd507410-c747-5388-b0f3-4a5db9cfb720,responsibility,responsibility,830,false
30fefaea-8c69-53c7-b6cc-20216cc2b80c,responsible,responsible,1054,false
e14d86a7-19ea-5d2f-941d-3c756dd97e34,role,role,451,false
4edebdaf-cd65-5cb3-aed5-452c5f4286e7,roof,roof,1879,false
f352fd4f-8eea-5dda-89cf-0ac77e1c5eb8,room,room,227,false
5a288564-bbf5-538d-8a9b-2ca79b8a619a,safe,safe,1058,false
52bbe1ba-dfe0-5682-8d28-d234dd92867d,share,share,620,false
83901906-f99a-5001-ba88-d40981e858ac,shelf,shelf,2930,false
7f0d63b4-1a36-5a19-ab14-9677464ceb23,short,short,500,false
f160e2e6-d37c-515d-a85e-2f93c574cebd,shower,shower,3204,false
6554afca-1de4-5f93-aa47-7fe4128dd87d,similar,similar,543,false
d5caab91-baa7-5ed3-9797-ef9353f694aa,single,single,569,false
db2ade4d-7860-50fb-aff3-3ee580817824,sister,sister,823,false
0cb2efad-9d61-5b61-9d81-2797e509e2b8,skin,skin,1019,false
cf5f04de-92b8-5b10-873d-bf9e2f77e6d9,slim,slim,4710,false
31c22836-e2ed-56b7-829b-9d7232a7b38f,smile,smile,892,false
07f98e2a-5567-5ffd-a60f-e45a879cef1d,soap,soap,4288,false
c3310f75-548c-56f1-b0a5-d30b04078ead,sofa,sofa,4782,false
67b1a04e-7214-510d-ad64-559dbb9af7da,son,son,481,false
8a7ffd33-6718-5094-b1ce-2a12b725d400,spoon,spoon,4339,false
3402ea87-5591-526c-85d4-b4aff8fa5823,stairs,stairs,2222,false
0a5202dd-06ae-52ee-afe7-4ad03b389f0b,stove,stove,4388,false
a238064d-9387-5cf4-9e61-889ecb45e554,strong,strong,458,false
23949bce-ce3a-57b5-bc72-a35066f91bc4,support,support,481,false
aa622e5a-89c1-56ee-941b-5fcd243b4b20,table,table,410,false
1e735186-065b-5ab4-9de9-b9f712d12944,tall,tall,1524,false
8604dd35-e3fc-542a-b60c-af331a8890d9,teenager,teenager,2440,false
7993f2f9-901d-5982-adb7-d060aba31972,television,television,794,false
17008d3d-2fb1-502c-a481-05eee3812272,thin,thin,1621,false
f08c5c97-4cd2-5139-af05-d8b46cecba6b,thing,thing,97,false
7c952027-4086-5823-8522-494ceb9d7a82,together,together,288,false
08e9e5ad-237a-57a8-b2b7-190cac42a972,toilet,toilet,3550,false
3ed5237b-36e6-53e4-8573-a966df7525fa,tooth,tooth,1747,false
e04b2858-289b-57e9-a9c8-32d5863f42bb,towel,towel,3682,false
e59dd8f9-3ba6-5c33-aa63-baa30b456fa1,tradition,tradition,1243,false
e401666b-4ed6-573b-b743-53fe903ce521,trust,trust,1160,false
850bd623-5a93-564d-9f43-1ea7bb5ff93d,twin,twin,2376,false
86c33fe3-6a67-5ac9-838f-3ec9459d32ef,uncle,uncle,2301,false
7f99c11e-7bba-54a1-b121-ad98e251189e,use,use,87,false
29a903c4-fb19-5587-9222-229b7d17e675,value,value,367,false
09086ede-d825-5016-adae-e792304a9c4c,visit,visit,867,false
b853e40a-3e3b-5721-9225-1b62770c4632,voice,voice,465,false
872620ad-9488-517e-8557-9f71574a8e8b,wall,wall,571,false
6e316533-0046-5757-bb63-6046f9193b87,wardrobe,wardrobe,5424,false
7e6b2bb1-3a64-591b-9ae5-36903309a56f,wash,wash,1853,false
ea31f02e-a17c-554b-8cd2-fe0b40abb618,water,water,226,false
f266ac47-11b0-5e60-9a1d-437534a05ecd,weak,weak,1990,false
02ed640a-e6b4-5ec4-a19a-59b9bc178d75,wife,wife,466,false
89dc6ab6-e9ea-5c37-b06d-694de25fccec,window,window,517,false
a5add6cd-d6df-551c-945d-db3f197f5196,woman,woman,111,false
94132665-bc60-5e8c-8d63-40069c39778e,yard,yard,1035,false
18265749-8be3-59a3-a27d-a100f180c535,young,young,228,false
465d33e7-fe18-5a77-8034-7cbb7810a3d4,youth,youth,1397,false
ae35ea3d-b107-59d6-9f5b-380708434eab,april,april,684,false
7857eb94-eb08-5d8a-8a03-82ae78f74a17,back,back,105,false
f81e1c41-7181-5946-b6dd-4ff67c88673a,best,best,1212,false
8a6f9f38-44e5-5ad8-bb5a-8bc401f32313,black,black,426,false
3c8cb74e-bfc6-58df-91b8-67b610260cfd,cut,cut,541,false
4c473c8f-e9b9-5db2-b7d5-d0e7e80216ab,dark,dark,966,false
f3372e29-9cf4-5579-9312-fc0775efa774,fall,fall,332,false
e41ae2e9-dd26-5575-9397-b79bcf8826c0,feel,feel,135,false
3bf97f00-896b-5751-a0a7-07efe82b008a,film,film,739,false
72baabe8-b02c-5bdc-b8b3-cb16ebd2b354,fire,fire,693,false
effe1244-89b2-5985-bd36-bccca84525de,fly,fly,1106,false
4f1b0025-7c24-5266-b69e-2e5df4190e4b,get,get,41,false
bfe6b5f7-8568-597f-b915-9c6a46b0ad83,good,good,73,false
fda60747-31e2-53e8-a14f-d6b92c6dc6b3,hard,hard,573,false
24ab8827-97de-543a-8e86-acf0cc6f618d,holiday,holiday,948,false
e9f8fbc8-8ef4-5687-8276-0fdeb0424604,sheet,sheet,1430,false
48966510-745d-5e3a-965a-f79bd3059728,laundry,laundry,7707,false
c27ed256-6fb3-5576-8903-4681f4d91a76,diet,diet,1964,false
8ce99fe1-a5b7-516c-89dd-c9a4102ef4fb,special,special,438,false
879849cb-49cd-56b8-9f70-805af5fa8bbf,soup,soup,4360,false
c8b3e92c-330d-54d6-b992-2d77955b487b,horse,horse,803,false
70b59731-4240-5d49-a85b-0ea10e708725,in,in,6,false
a2982d1e-5c04-5bcf-aafb-1c5ad625fd6d,july,july,847,false
3837b3f0-4227-5809-916f-0dd62fe87286,june,june,691,false
4f3021e7-7561-53fb-a403-1070efc11dad,leave,leave,127,false
793872f0-54b5-52d4-a86a-1fbd523fca56,letter,letter,454,false
0d4276c3-432b-53ad-b30f-21aadeba2621,machine,machine,761,false
2e295e43-b501-57f4-9bac-86e4ae56885d,once,once,548,false
ec752ab2-eade-5a59-9125-f18a9ef3f230,one,one,46,false
17f5e30d-5d07-576c-854f-e640d6a5cd01,radio,radio,1093,false
696e3ade-e36c-5744-8038-5a824d75e1ae,ice,ice,2164,false
b12dde6e-6f92-531f-8e53-3233dc01c357,meal,meal,1415,false
d8f523cf-896b-5267-871b-4f3995e9f201,menu,menu,3553,false
b02424a4-131c-5670-8fc1-168d0f7e0283,eat,eat,701,false
463009be-bcb0-5035-bf47-66010fe05fb6,drink,drink,1284,false
813286ba-48ed-5696-8c26-6c9b8ce758a9,salad,salad,4643,false
ad937f15-75cf-5c61-911c-fee8a5cf0ba8,cafe,cafe,5986,false
9d2b135b-e535-5b67-a042-a4f4cdb27e63,waiter,waiter,5772,false
24e38290-4028-5c92-9abf-fa53c76e06e5,vegetable,vegetable,2818,false
376fb7c0-0a73-58da-b6e8-7bd5286515ca,cheese,cheese,2717,false
88b9828a-b938-5092-9bfc-c30c26e88400,chocolate,chocolate,3142,false
7342931f-f3fc-5345-b356-21d15b5432e8,tomato,tomato,4402,false
de8f4a48-a196-538c-a9f6-cc14e7bbf260,return,return,428,false
b6db6f20-6892-5613-9346-b7cc46039efa,say,say,32,false
f1f3e3b1-2f6a-5561-9b89-aca4bf6fdc9a,september,september,964,false
9c82b3b8-746b-5f17-8c7e-1cc6ce6c0f56,sound,sound,780,false
117a7523-ffd8-5588-8496-da6a02dcd8bb,star,star,1001,false
26ec3947-b597-577d-9548-e50a2efa5c17,station,station,736,false
3979dde9-6aef-5d2e-b491-363df6c02e64,street,street,380,false
e463610e-e3ef-5e23-8498-607d9d05be26,summer,summer,858,false
d52df418-faf7-59c4-bc3e-7a344c9dc163,sunday,sunday,988,false
49f7396f-adf9-55d4-ae60-55b37d06779f,third,third,465,false
8b072a74-509c-569f-a35c-f323a2bb8999,august,august,1239,false
9282c873-1414-5bc4-a86c-32f6ddf92def,flight,flight,1487,false
3d245e20-5a4b-50e8-a924-05861b8585ab,breakfast,breakfast,2019,false
bdf26ae2-b2a9-5eb5-88a5-4a4e590e5a45,restaurant,restaurant,1816,false
b8c65d79-8879-593e-9afb-9e815f51efad,rice,rice,4143,false
751260bb-c060-5207-b065-5b7b85549a05,tea,tea,1140,false
cc37a19b-199b-5646-956b-a4dad8426120,onion,onion,5108,false
fbb8e963-b3a8-5d8c-90fc-04b063e671a7,pepper,pepper,5443,false
0f328e29-eb29-5e4a-8aaa-4f67672e54dd,salt,salt,2536,false
6aaf07ea-f933-5338-9268-0b2240755bce,wine,wine,1304,false
5cfe993d-1f8b-5dba-bc1a-3e51c6914b69,bread,bread,2292,false
5befbf82-340e-54c4-b3bc-d00981f11de1,potato,potato,3013,false
c0b7797e-54b6-5c32-a8bc-91a387492223,boil,boil,4944,false
e609db69-3645-51ad-b244-ae65a18010cb,sauce,sauce,4226,false
f4ca077e-ee27-54f5-b49e-82861cadd9e1,lemon,lemon,4583,false
651e1c8d-972f-53d7-8dcc-67200cd6fba0,taste,taste,2077,false
84d89f24-f41a-57e5-9180-5a626bcbc7a3,milk,milk,1881,false
f971c5fb-b327-5b8d-8c30-b9cdb437fcfe,purple,purple,5326,false
9d92901d-a20d-525a-a699-7eefc0ed45e9,snake,snake,5064,false
c05d04bd-2432-5c5d-af55-01b224ea21e7,coffee,coffee,1403,false
f426a199-815c-5ab1-a1ba-3c983e4f6d12,dinner,dinner,1422,false
443e489c-d3c3-58bd-859f-a92a8a277f97,driver,driver,1225,false
8784f88f-161f-576a-a1a1-24f8037af2b7,farm,farm,1167,false
1f4bc9d0-7d0c-5efa-9d76-15ff8f5658e7,fifth,fifth,2418,false
d5f533bb-2dc2-5e84-803b-d57671a4f530,friday,friday,1621,false
01e18e0f-c6ff-564f-a272-5c126d03be7e,fruit,fruit,1809,false
5f5ff1ea-665d-5687-a33f-2ae614cfe76e,hat,hat,2209,false
c035f78c-bcb7-5a13-b162-9e690615f73a,toast,toast,5754,false
2506bb7b-da82-5e76-9319-6a5d35019f62,tray,tray,3885,false
21a84f4d-7d8b-5858-b090-b672a151868b,lime,lime,7712,false
ec6afede-e999-5099-ac06-80a11141812f,mustard,mustard,8963,false
48238f2b-61a9-513b-88a9-acce3cf206b9,olive,olive,7177,false
03250a0d-5588-5ff5-9d3c-450c03fd28ae,sharp,sharp,2035,false
fbceae37-fe74-5b08-9e2f-61aa85080cb3,slice,slice,4346,false
ea2ef686-facc-5c9e-a852-90a0eb513134,pour,pour,2331,false
1e87afd4-dd54-51b3-897f-404a87714cd7,mix,mix,2156,false
8c267749-70d5-58d0-9743-48d372b4ccfd,tee,tee,9221,false
1a35245d-b6d8-5d02-a359-c6112d86a4b9,ingredient,ingredient,3844,false
857527e1-fdbb-531e-90d0-1db28024432e,mixture,mixture,2426,false
68782d7c-1af0-5bee-9235-59761f184660,powder,powder,4272,false
0809404e-af45-5076-b62f-4c13c08d9a00,future,future,639,false
8fa1d90b-0402-5118-9576-0fd5ca721310,date,date,571,false
3022c282-34aa-53ec-b6ca-9585fb9785b3,quarter,quarter,1085,false
fe0bea5a-b9a4-5474-a90c-e07708336dc2,day,day,95,false
eec5409a-04b1-5b70-8861-b345293d73dd,evening,evening,651,false
d87c4b78-dc2c-5011-b941-bde810b9ad23,january,january,984,false
0a3fad2a-3641-55e9-9384-a0cd0eb9611f,december,december,1060,false
24fd65ed-4590-5be9-a071-c8a6452d0a29,lunch,lunch,1615,false
e3cf93ca-197c-5734-b921-7adf3414b8c0,meat,meat,2283,false
1ce8280d-442d-53c8-9def-cda2bc6b17df,monday,monday,1679,false
fea01eff-7386-52f8-b34c-6b1d929fde20,saturday,saturday,1159,false
2abb3972-6448-574a-b751-d0494ca78284,tennis,tennis,2846,false
5ed46f04-e3b8-5075-917b-b4815b9b3d86,thursday,thursday,2258,false
97a7fc31-a6dd-5f38-b92a-b0334203d380,tuesday,tuesday,2348,false
255075ad-87f2-57ba-8e6b-191481fa4149,cent,cent,10111,false
c3212d3d-a3a2-5cc2-b987-b7e4845745ec,piano,piano,3449,false
0562febf-b6ab-53f5-bce8-18232e025c44,above,above,733,false
46f0cfb2-73ff-5b55-8c62-27a9365c439d,again,again,156,false
a7089aea-7b21-53cc-9320-04d4418d91a5,begin,begin,193,false
3cd75f18-f198-59ec-9391-6d4bc060f79b,between,between,97,false
9b71d942-eedd-58f1-9221-5c7e76fbe04c,find,find,92,false
ea7a78ae-e3e3-53da-8ef2-4da003aebf7c,free,free,497,false
51e3975e-5e2e-5a1c-b19c-2584d9dc95b0,hour,hour,299,false
a84ca19f-88e5-5e00-831d-a9d1265b7649,fourth,fourth,1543,false
4b513eb6-24db-5e5c-b9df-68856df5bb97,period,period,324,false
f9108505-69cc-5907-a061-6db4241da8ba,minute,minute,348,false
95c40f9c-c2be-572c-a0db-240afc1d4bbc,moment,moment,361,false
259338f7-c6eb-5334-8b37-f27f5acffe14,guess,guess,2218,false
c8437a9f-6ff6-511a-a222-cc8595b37a3f,here,here,117,false
53aee3c1-68da-5d16-8717-bfdad769b9a9,high,high,152,false
f7f4be03-52a4-5da4-abb4-8202314cc9c8,new,new,81,false
52feb3f9-1afe-5693-9ee1-c83269c1cea2,other,other,69,false
130bab48-5719-5600-a7b1-28f5e5c791c6,problem,problem,154,false
2f77dc68-fb5a-5e1c-8380-4678f9b59965,question,question,221,false
e78b0c85-45d3-5641-993a-5dedea55eaac,quickly,quickly,809,false
b40ecc85-5d01-5d7d-a457-a0ae803cc37b,read,read,322,false
42cd97d1-000a-5934-a647-70591e63e51a,so,so,48,false
fa26c432-5972-5199-b3c3-81c64493fa73,sometimes,sometimes,478,false
bfe6ab16-b7de-5dd9-a635-87ed9f00f452,butter,butter,3403,false
8f1b0ee4-cf05-5099-9e62-20be5658471b,coat,coat,2138,false
31825379-af3e-56e8-bf55-56d894441f8a,blonde,blonde,6183,false
1a73b8ee-67a8-5d80-b11e-0300f43855e2,month,month,214,false
9fdee872-919b-5ad2-a79f-42f24b4bd059,night,night,216,false
271cf257-8d16-525e-8e01-9e7647f83429,october,october,940,false
a2adc10f-266b-5923-a6e0-21c7570ccc4f,november,november,1059,false
33346da9-c372-5abf-84ef-6800a66b46e4,wednesday,wednesday,1980,false
069c020c-c292-506c-9432-66d8f6d3ec3d,weekend,weekend,1317,false
e80f7905-d022-54c6-877b-cd5753e354b2,morning,morning,445,false
721a4b84-312b-5b7c-9980-373ca52bcdbe,past,past,1116,false
0fb8e674-d05a-5313-ac3e-d1c46d3c8926,today,today,350,false
4d5dd524-5a90-565f-9c4b-238f2d37cd46,tonight,tonight,1385,false
c537acf6-d936-5f79-859e-f18fe1d30faf,cooking,cooking,4137,false
7fa95e02-43e9-5681-9563-4d74139695d2,dancer,dancer,4610,false
e8004c47-1991-5368-b200-2084e96a29fe,follow,follow,186,false
fdc29ca5-def4-5992-b08b-6c4d2fbe41bc,girlfriend,girlfriend,4601,false
c7e0c2b2-e6e2-5054-9715-12ae2b97c896,gym,gym,9878,false
15d89056-96ba-590a-8ca9-b2310562152e,homework,homework,6447,false
dc6cc839-0230-53e3-9c77-20cc118e29b8,lose,lose,329,false
b0da1aa9-ded2-537c-b243-a5a4c002b13e,mile,mile,772,false
746dedf3-652b-5e61-b115-c94c3e6e2bd8,success,success,705,false
b4dd67fb-5a01-52c4-b03c-6995749fc687,swimming,swimming,3814,false
406fa437-d0c1-5c02-b32a-29028c9e23f1,taxi,taxi,3317,false
b6042e5b-1958-59d8-aefc-0550843c9fef,cow,cow,2944,false
c2604269-5b38-598e-b16c-5b6c5a5b9b81,meaning,meaning,1226,false
bac9710e-f4f6-5800-823d-6fa1394664b3,down,down,102,false
adf78098-c95d-5738-b089-26f6e7654ac2,chicken,chicken,3030,false
e68ce684-3d02-5ac5-892c-633f51751035,week,week,180,false
b3d21440-88da-5e41-9487-b00d089a5470,year,year,56,false
f6817590-5505-502e-9bcd-92c709741571,yesterday,yesterday,513,false
f83b8773-e54b-5c15-8239-e29d5ae7b949,birthday,birthday,2488,false
8bd1b57a-cdeb-577d-afa6-9a4dcb4bc4d7,tomorrow,tomorrow,1075,false
cfcdc0ed-109c-5f81-9955-430e17782f96,winter,winter,1300,false
581a672f-798b-5bc1-8d13-221a305a1f55,century,century,407,false
ea26f9cf-2612-51eb-8b2b-3be312537dc9,daily,daily,1702,false
ddde27a5-bee3-5411-a790-072ca10440a8,since,since,305,false
4bb59444-f760-59ee-8651-a7aa4df74106,calendar,calendar,4695,false
1879a56a-ce64-512f-8a41-a5303db4a06b,decade,decade,1539,false
9dcc61cd-f618-52fb-96fa-98a4528348f2,meanwhile,meanwhile,1886,false
c3a93d99-6a8e-5e25-8b42-f5a16905eaa7,come,come,65,false
f7ab94e4-1caa-5c3f-9aae-b44ee5f7731d,give,give,71,false
35b92f61-ff18-53a7-a6a8-e957d309d12e,go,go,44,false
36750ca1-8987-5e0a-9dc6-fbe372a43200,let,let,320,false
fd84058e-6131-5f67-8980-b86aebba91eb,make,make,43,false
890ba582-0706-5a38-9bd3-0f824efdf42c,take,take,51,false
a1121a72-931a-5e46-ae36-17f929f34a3f,deep,deep,1024,false
e39e0b36-959f-569e-80ee-6bbd57feb87a,either,either,437,false
645e6102-f199-5131-b2b0-d0b31fdf0d84,push,push,926,false
70b01a8e-0c07-554f-94d3-b135986b5bf7,receive,receive,372,false
4e61fcf3-a3c6-56a8-8998-5ed66a8ce9a1,seem,seem,134,false
a793bc52-2540-5dd5-965a-6c118338164f,sir,sir,534,false
1688eaa0-0a6c-5dcb-8837-66f6cccdfdaa,while,while,173,false
3055bde6-8c90-5961-a158-4bbe29877837,bin,bin,5370,false
7a5c6e81-7686-5ce9-869b-55cde2f2f71d,laptop,laptop,25826,false
bc31a8b7-9b0e-5917-9ddb-96f1dd4fa925,ah,ah,1012,false
30b3c676-4270-5b2e-a928-e71974e02709,basketball,basketball,16051,false
ed61de28-ec66-5c8e-80e2-b8295297e781,carefully,carefully,1328,false
44a455f7-471d-593f-8f94-77ba14eca350,corner,corner,1104,false
000fc805-4197-56ab-9914-fc26f9f617c2,cry,cry,1518,false
ebe5b002-71cb-5c1a-a8d4-964ca578d570,everywhere,everywhere,2578,false
417c6c5e-5341-50e4-83b1-d2aa90271607,gate,gate,1707,false
28499a2f-184d-5f20-b596-8459dda6f9bb,gift,gift,1914,false
3381ce30-ec9a-5388-a63a-db78ee4e7b08,hill,hill,1134,false
07123c9a-3a59-55fa-b349-bb3639f1394d,ill,ill,1955,false
59ef5e01-8c2a-522e-bddd-f60c0ab5433d,jump,jump,1784,false
a4f5372a-a39f-5f7b-9078-76916af186f6,knock,knock,1958,false
b9398a7d-03e4-50a8-a879-a8170398d056,ready,ready,976,false
913aa809-fdf8-5988-8288-83fb4343b35c,speak,speak,352,false
f64fe7ee-c3b8-52e6-bc76-6ada96f6107d,improve,improve,903,false
a9312600-15d6-5a94-9a06-1bd9851a7cd0,relax,relax,2535,false
b6035c30-217d-58aa-838c-8d6c06a5498c,plan,plan,442,false
b4913331-8c60-5560-9037-0e774c4dc4db,lost,lost,3000,false
ae001144-ccc3-58da-bcc0-b7c0f5265d62,pleased,pleased,1916,false
cedb1e47-4308-54b8-9aab-d8247fee67f6,quietly,quietly,2171,false
9339d8f0-36fa-5730-bcc9-b4d985b50063,scared,scared,5083,false
ae1ab63a-66a8-5834-a105-588d33fb4587,somewhere,somewhere,1359,false
4743e647-db61-5281-a3fe-3f38ee939a39,strange,strange,1397,false
3914a40d-d2f7-523a-bcd4-0d5367c61281,surprised,surprised,1928,false
48311020-c800-5ab1-ad23-3ddd0aaf70b1,sweet,sweet,2378,false
84c68e54-a2bb-5682-8848-e9835ea23fa6,beef,beef,4295,false
be4fc57d-cae3-5a95-b4a4-38f70871bf47,businessman,businessman,3547,false
bd4c4db4-6237-573f-a537-362203bd5820,closed,closed,3490,false
55cb34cc-1d18-5050-a1ed-88871c42ae22,crowded,crowded,5946,false
88e2a862-3ac3-54b9-9d42-91b21b4b2a8c,download,download,27269,false
295a748e-228c-5a06-b850-0ea79a6ffd60,firstly,firstly,3974,false
4c25f216-2c43-56a7-8394-94892e48d36b,flying,flying,3653,false
05d85831-cbc0-5cad-a8ef-bd3e4b320ef9,happily,happily,3821,false
084cb6bc-d849-57bf-a644-f7493f23c46f,hockey,hockey,8164,false
3c4bbe58-b5e6-562c-87db-9c5084d847b4,loudly,loudly,5440,false
c56b5cce-93e3-50ef-a058-e77e44cd90fc,running,running,3269,false
653f00f4-88df-57e2-b0b5-a247fb4c82e0,scary,scary,14507,false
5bb2f8ac-9a34-54ac-82a5-a38a9b53c0b7,singing,singing,6940,false
56f64fbd-7114-5f91-b1e5-d68625010cc3,trainer,trainer,3854,false
a5fcc912-243b-58ca-b5f5-51cf12f9611b,try,try,159,false
1059072d-a081-53dd-a00d-635ea4026180,across,across,448,false
78f5990d-0313-55f3-b8a6-1cd13bc9e90b,build,build,415,false
926036ce-5389-53e4-8b0b-f1a08811d066,promise,promise,1478,false
72484b06-25d0-539d-8bdb-f26a32c0d157,provide,provide,172,false
b26fda22-bce1-5829-88ca-c55279c97fc0,traveller,traveller,3016,false
6910c6ad-5d15-5158-a11e-53347427a98e,wow,wow,9178,false
70b2529c-7d11-545e-bd11-a4160910ea31,camping,camping,11584,false
afee87dd-668b-58d3-a944-d2764a793efb,connected,connected,11998,false
4bd5eb2a-9c91-5beb-a17e-99c21d2011c2,cooker,cooker,7276,false
b72128ee-beb6-5b79-b614-89b987efedf3,divorced,divorced,13971,false
3f1d4df5-caf7-57f3-9f77-847d09c403f7,included,included,20762,false
0855f824-d57a-5ab4-a1eb-74eb89e6544a,smartphone,smartphone,,false
37d153b8-b0a3-5fe2-bf6b-c76f1925f076,condition,condition,399,false
a76a2851-39af-5967-a3b3-4dea522af4d8,image,image,904,false
f6372a3c-8700-5601-867a-6ad282d79a3c,normal,normal,811,false
8dfe012b-1fc4-5776-a802-03baeae2657f,offer,offer,307,false
c544a00c-7fd1-594d-adef-bfa2b2d3f2e6,position,position,345,false
83b531ac-ec5d-5113-9318-90a6bbc184fd,sign,sign,935,false
80fba1f9-9a4d-53b7-b88c-c3bcbb6f24eb,view,view,311,false
226f870c-21c6-5dee-933e-47aee1b32c1f,board,board,611,false
0ca90f36-4d2d-51e5-bb35-7feb5397bab1,control,control,339,false
f99f2feb-0b9d-57ee-b122-4529b9a6cf6f,serious,serious,807,false
fa9145f5-4c0b-583e-99b0-2f3976b4d5fe,item,item,950,false
3325eb4c-8fb2-5799-8555-625b2dd3bef4,circle,circle,1832,false
92572eed-6157-5ea4-90b2-6a83e23a639c,equipment,equipment,1117,false
566e4eaf-a2db-538d-98d7-50b496ffc667,gallery,gallery,1714,false
9a8eb1c1-de79-5c70-b8f5-7c35323b8d3f,steal,steal,1891,false
c97db4c7-a915-5e07-8ce8-6973051e178d,realize,realize,1603,false
2ea30461-1afa-5555-b0a6-21eb73c182b4,dry,dry,1665,false
19d4b638-69a5-5205-8e54-9c8b6ed73a98,notice,notice,1034,false
dda801e2-66aa-5925-8b77-5ef024d8bdad,regular,regular,1276,false
5e67f6c4-44db-5098-8477-2186c4749cab,silver,silver,2244,false
4f45b4e1-4491-5b7d-8688-9284f4f05e96,contain,contain,559,false
d18f88fd-e319-534d-ad8f-980c0f0c7afb,noisy,noisy,5244,false
0480aebd-eeeb-5ff6-8cbd-125c16a14aec,chance,chance,617,false
1247dc60-66e7-5e36-b2f9-5797bb8743f8,document,document,1052,false
d249e815-dad3-53f6-b4ff-e77cb4e53481,error,error,1595,false
be7de350-7d42-535b-a3c5-f9da07e86878,clear,clear,390,false
b4ff320b-0039-51fc-8a94-76e47beefa02,service,service,160,false
3f706818-c235-5c3f-b062-1f848f2476e3,wide,wide,600,false
9668a3e0-fa5b-549e-a9a5-90f64474a5a6,lift,lift,1345,false
26da7c4c-2a2c-5c63-b9b0-038d2c980cd2,appear,appear,290,false
85ba1cda-08af-5f0e-b2f2-e0f3b8867f78,normally,normally,1195,false
f0ab1d12-cfb2-5a04-8410-dba5f22df345,working,working,1556,false
e9c42216-a3fc-5ebf-9af1-8809c1da6bbd,awful,awful,2660,false
fd4d2a68-37cc-5e8c-bf0e-558447e0be9a,impossible,impossible,1340,false
2a6eee3e-95a6-5702-9f87-24758aa4aeaa,nowhere,nowhere,3107,false
ba5b81bc-b319-50b9-82d5-bb42f79c58df,pop,pop,3228,false
7ff36982-df1b-587c-810c-c7248c801120,usual,usual,1473,false
874bec73-eb0f-5cdf-b13e-51aefe97e722,shake,shake,1076,false
03315553-8efb-596f-82a3-7274b1a4064b,repay,repay,5271,false
354dfbfc-4666-598f-990a-825d5a81982c,highly,highly,1091,false
7d2a997c-6887-5823-9379-cfb988118af0,false,false,2370,false
ec6398bb-b5ba-5b83-a0dd-2f8c22f845a6,farmer,farmer,1333,false
e9c3394b-ef62-58cc-9449-b6a689560a50,reader,reader,1148,false
c2b3b831-f7a9-568f-909d-c331fc16f26c,more,more,74,false
9e5c3a8f-5452-58f7-bff5-faa871830ba3,no,no,68,false
4796716b-2e7d-5e82-99f5-b176302c659e,probably,probably,333,false
e5e60349-cabd-5769-904d-1ae65f84b820,decide,decide,375,false
2f285633-266d-5e87-b499-b4975946e0b3,finish,finish,842,false
2570c43a-fac3-5a6d-8df5-bb0d90c14182,join,join,578,false
ea83a9ca-906c-5799-a33f-a85d046ec045,long,long,217,false
91ac4b33-0aee-5c45-9893-a3499a41d2ce,spell,spell,3382,false
e3b45d28-2d2e-502c-b6ef-4e6ff3ce97bf,still,still,112,false
8d4a9fd5-da78-5966-a04d-d3b7613959f9,elephant,elephant,4323,false
a53413e9-863d-59cf-bdae-4f94bf10ca84,lion,lion,3397,false
7a46dbc8-f5a5-5fd1-a45a-15b6251ef520,spelling,spelling,5779,false
92fa17e7-424a-50b8-84c8-86095b8e170d,seventy,seventy,2261,false
24cee2ac-c2c5-5eaf-ac01-3e4fb85e8568,sixty,sixty,1655,false
5ec70d0c-1ae8-5d27-89e3-49f85a9af785,email,email,,false
a7933901-0f61-5a5f-ba4e-c68f4b794dd3,cake,cake,2309,false
48c63475-d60e-573e-9c35-d5518a1aede9,eighteen,eighteen,2690,false
7b7539e4-5d68-527f-8626-ecc9c7f8037f,eighty,eighty,1944,false
c79e8aa8-3184-50ec-9f34-a52d0583f966,ball,ball,1121,false
86d16747-6c60-5439-8ecd-094b60f807c6,yellow,yellow,2173,false
246f8704-a6b4-59b1-b207-a1f90ae8a3c9,color,color,24372,false
b2fae850-690f-585e-a241-39c6709a9fa7,funny,funny,1942,false
9fa600b3-97a5-55b1-aa9d-8d7f255e9dc2,nineteen,nineteen,1907,false
16038b56-399d-5fb8-953b-4c146de3bebe,seventeen,seventeen,3783,false
52817028-5377-51fa-8877-44dd58669ee2,actress,actress,4829,false
de702409-60e1-5ecf-9822-32791c888c6b,downstairs,downstairs,4046,false
3fcb10b9-47ab-525a-b428-012f1bd83328,lot,lot,374,false
a8f45e2e-c9f9-5132-8c64-0477e896686d,pig,pig,3014,false
4e904301-bb7f-546f-9d22-0c8528002682,fat,fat,2848,false
76a0acbc-33da-5bda-85e1-f226eb9db3bb,after,after,96,false
28c0c4cf-5918-591c-9cb5-f102fb3f3c67,ago,ago,504,false
85744ff5-da6e-5f6a-bd73-e4779d5300dc,any,any,78,false
ad63d721-f5ba-5c67-93fa-82ebb39cfa57,ask,ask,141,false
a2a7ea19-f449-5b60-8761-c3ea09fe9501,bad,bad,349,false
68130636-0ccb-586f-bf95-9980b62ba4ff,be,be,2,false
68112e69-00ca-53b6-a805-24a181c7766a,before,before,198,false
e35728d0-326b-5aaa-b907-57f657989974,big,big,260,false
087f0701-d3e8-5bfa-a7b4-030d6789e7ee,by,by,20,false
4184c4c2-de26-5e95-8867-34deee61173c,do,do,19,false
feede94b-9966-557b-8bca-ad3eeec3b54a,dog,dog,819,false
acb858a8-5293-5502-bcc1-2aec316c6347,drive,drive,640,false
82958301-96ca-54f1-be88-23ce764d97d3,square,square,1802,false
bdd6d2c9-c6c9-5075-95e1-69249823ba6a,simple,simple,624,false
8c07c011-4aae-56ee-8398-d5310d9bc126,each,each,170,false
e2664477-6945-5ea4-b3f3-a4f624131a05,east,east,785,false
02c7458d-3e40-55dc-8078-805a513c874c,easy,easy,502,false
1f12047d-2fb9-5d4d-86ff-2c55bba58666,eight,eight,579,false
61d22460-b1ef-52df-94ba-6e5742b11b9b,else,else,471,false
96184770-d768-5960-9ec8-e68576ef47e9,enjoy,enjoy,685,false
914e097b-fdd8-5cf7-a547-11b19d33ecbe,enough,enough,378,false
ac04980b-6d74-553b-b17c-32ec3ccfe3ae,ever,ever,355,false
cbfb7707-a84f-51ff-9b8e-a520c223e8fd,far,far,287,false
9e04d867-badf-5db6-b755-53a2b1b5705a,few,few,189,false
f8253b17-cee8-5ab2-a06e-b1fabf92b688,fill,fill,900,false
da592f56-a1f7-58b1-aaf1-a304a9e24414,first,first,79,false
2f3b467f-7dee-59d6-b49a-4f1b6075dc3a,five,five,207,false
03a12391-ec00-52d0-b69a-4e87b15bb110,forget,forget,813,false
d16065c1-23a3-5fed-a003-968d81deeddf,four,four,184,false
6af4cbce-f520-5a44-aeca-2de827773ba6,full,full,309,false
edbe577c-fbb1-5c8d-87ea-65b6a1da8adc,game,game,464,false
464831bc-bda0-55ca-b894-f30c7dc81897,great,great,129,false
0d456535-cc24-54a8-9a26-321ee81612e1,half,half,470,false
aece3eaf-edc0-54fa-98d2-705b08e32800,hear,hear,238,false
ac17efc9-aa3d-546b-b366-56e4b0570769,size,size,697,false
fe5c1640-ad6f-541f-b5ec-c9c3b7922d39,round,round,730,false
ac2900ce-9f32-51cc-bf35-8ec88f35d597,rude,rude,5635,false
1c014671-08da-52ff-98b2-4d4374e68fad,part,part,140,false
0ea5ccec-379e-50f5-8264-3814afae211f,hate,hate,1839,false
6001aac7-bcef-5f64-be95-4f6af1f3ebc7,cold,cold,972,false
781a82ff-2444-5be6-a876-c3f415c464c5,feeling,feeling,797,false
5a64149e-a29b-540f-a2b9-97c3313f20c4,happy,happy,777,false
62fb1da1-190f-5c87-852d-b17ef9356929,hope,hope,444,false
9ba40e3c-55fa-5cdc-925c-b284ce9a456b,hot,hot,1055,false
76c91d05-1d49-5bad-8a16-51c9fbdea90d,hundred,hundred,413,false
2f61a04c-7177-5259-baee-82f90bfdc86f,just,just,72,false
b64c077d-2693-5962-97c1-f765a12e789b,last,last,119,false
462b74e4-71fd-55c6-96ce-cacf893ec387,left,left,1045,false
89aac2d4-f24e-58f2-ac5a-7f449bf70b42,lie,lie,483,false
0858511a-54a0-57c6-b1af-25a9aadd40d9,life,life,128,false
5b4843bb-c2fc-5959-bf7c-5386d98c4161,like,like,88,false
31a37c05-72ca-5ecd-9926-d6c93ccb00e5,maybe,maybe,955,false
caf38f53-b61d-56a0-b1a3-b03e0cff435d,miss,miss,919,false
6d3d76aa-d685-5444-9965-b98b059aece3,never,never,157,false
6d4d80ef-b148-566b-98cc-217ba7aee6bc,now,now,67,false
022b8052-3b10-5922-ba20-473c03e945fb,off,off,174,false
ad044ce1-96cd-5ca3-b8de-14ce4b4f08be,oh,oh,120,false
81c29c75-d70a-57ac-a70f-e940ec402f0e,out,out,62,false
7607dfa8-2061-580f-8038-fcdddab30dfa,angry,angry,2084,false
f1d8da07-144a-5478-a940-09caf3a43c9a,outside,outside,857,false
5ccfc9c7-ce14-5933-862b-d890937e4222,over,over,110,false
d5ca85d0-63e2-51b9-9865-eb5a75ae00bc,page,page,658,false
aeebc3d2-43ae-56d4-8116-8c63f6db9598,piece,piece,677,false
d9b8753a-51d5-5ce6-be41-4c983a678cfc,quite,quite,206,false
6717fafc-901b-5191-a5e2-84ead67c82de,really,really,179,false
19ba8b96-edfe-54b5-a8f1-beaba5431a48,red,red,796,false
d785aaaf-495e-540a-8089-6aa8f73b0d1c,sea,sea,721,false
c005bbd0-459f-5616-99d3-a89d217b9b77,see,see,47,false
42fb6baf-652f-57c0-9468-836c5548d5eb,send,send,366,false
8032390d-15f9-522f-a9f1-8db29e0c5130,seven,seven,575,false
6ac05ae1-52fc-596c-84da-fd63affe669f,song,song,1405,false
ecebbe3f-0c9d-50ad-9a5d-89ccddff4877,soon,soon,615,false
931a5bc2-7470-523c-992a-3198235419d7,sorry,sorry,870,false
f2f0d69a-8929-5b06-b08c-26f178bd7e5a,south,south,601,false
282afd2a-4e21-5c9f-8327-4cc87d66d10d,spend,spend,424,false
6d164675-1b7d-5cf2-b1c2-a20ddbfda868,start,start,205,false
c09c43e4-d004-5095-a889-aead5a99a82a,stay,stay,549,false
205f671d-2d3b-55b0-9c35-f9bf0794664f,sad,sad,2373,false
5034334c-d4b3-523a-8c46-7d164e397168,fear,fear,1066,false
624203fe-bf71-5041-8a16-67793f37d13b,nervous,nervous,2632,false
4e41d900-6dbe-500d-b4a7-f27b20df3825,unhappy,unhappy,3622,false
2f1826c3-f38c-5a42-ae7d-6a65467348de,wish,wish,586,false
00579b3c-eee5-5708-957a-ef07f5e5cad1,worry,worry,1537,false
dfa2df46-4f45-59d2-8878-0d6350d178b9,worried,worried,2284,false
5b34196d-d3ea-5e6f-9ba9-ae090813b08f,chin,chin,4221,false
839c7338-f751-5920-8bba-3b62d2e03fe4,stop,stop,359,false
e7c7db05-84d5-5a6f-bb3e-22e9abcfc4f2,sun,sun,872,false
9f2c58f7-d60c-5b75-ae08-ab9b62f7cc0c,sure,sure,386,false
493314c0-c48b-52c8-888a-db11ae63caab,ten,ten,469,false
1e87e897-80df-5fdc-840c-6c3b5fb6a205,then,then,59,false
bc3df462-7cb6-5b7e-8ec4-ad3d50446b02,there,there,37,false
03acfd29-5d4f-5028-88c8-a5c0d9a39cad,three,three,104,false
a4b72546-2b67-5371-8df6-00eb529c5c62,two,two,60,false
1f41e7df-177f-5f1d-9db2-8cf1c42d36c8,up,up,52,false
214397af-e6b9-59a6-a4d4-f26e2d95b2b6,when,when,54,false
037a12e7-c7d1-5ef3-bcee-ea07aa01de05,where,where,131,false
ab8ac2ab-b67e-591d-8b86-6f23f1d79464,white,white,475,false
f1fc4ae0-6d27-5df4-be9a-debf4756f640,why,why,169,false
226da229-ea81-539a-b6b2-3626d0d8da53,fast,fast,1833,false
374af8e9-f19a-5b6a-bc0a-d9e6a9236660,kilometre,kilometre,4574,false
8bb54cf8-2bf1-5cda-8df6-ee6892dd4dd1,afternoon,afternoon,1118,false
c251e0d0-8200-5346-9ec4-6c4d7e894a50,apple,apple,2446,false
e9d31d52-694e-5568-b582-39a67c2b979d,beer,beer,2300,false
f9b7e714-8ae8-521a-bc58-999a9b9b73f6,mood,mood,2324,false
e47672c1-3263-5d59-b958-a6a84371ac45,upset,upset,3776,false
b0fb8921-4b55-5a72-975d-ec5228187ab8,pleasure,pleasure,1613,false
3966c564-9a5b-5556-b26e-c22fbcef3401,lonely,lonely,3842,false
7d409f6d-10c9-5ec8-8418-67a94df6cec5,brave,brave,3800,false
a17d3381-d74a-5eae-ab67-4c7838ebf869,passion,passion,2957,false
22f16fc3-9deb-5362-bca8-4c24f9a43bdd,wonder,wonder,815,false
a5033069-8ece-5350-98e8-c525e670ec8e,romantic,romantic,3436,false
21ffd11f-7337-580f-aa66-85bb70cf6cf0,student,student,432,false
9dc2d6e2-136e-51e2-ab5e-865c4aca73db,bike,bike,3241,false
2974a188-a3fe-5946-a09f-3a5db0e5fd22,cool,cool,2478,false
15efa2fd-35e7-528c-af94-058895c0dd9a,dance,dance,2345,false
771348ea-520f-5c4d-b4ab-68323f1f965a,dear,dear,2167,false
12ca9d62-8e3e-5a00-b68d-546f5842528a,dirty,dirty,2873,false
9e9f02a3-1f8a-513c-bc02-90242bde71c3,dollar,dollar,2340,false
7c72758b-c0b7-5638-9d60-bbc089373c7a,egg,egg,1532,false
dc30cb98-7d24-5348-be75-9ac1d0bd7cbf,eleven,eleven,2299,false
4f01c176-1fb1-555a-ae88-2df3931a50d2,february,february,1188,false
12e37eda-00df-59bb-960e-3c10dc82f72b,fifteen,fifteen,1736,false
76ae11b5-c4bb-5da1-be35-a8dda5082396,fifty,fifty,1041,false
5ef077c6-8258-511d-877e-b5640fd1a126,football,football,1424,false
f36b9e79-5293-517a-9b2f-14b127e18ae8,forty,forty,1350,false
8bb882e6-90e3-5d4d-b098-f7682ed03d27,fourteen,fourteen,2877,false
953d507b-e368-50e7-9f55-0349c15ade02,front,front,1185,false
229e4772-3808-51e0-a443-0efe8d44fc94,fun,fun,2497,false
3c154ed2-be33-56c1-a4de-b5d79ec9bcce,hello,hello,2319,false
45631830-5c36-5249-8a27-1a76e7be1be7,hey,hey,3901,false
d61d912c-40db-5e3b-b2f5-9c523bff735b,hi,hi,6210,false
a9c9a650-d5ec-5a2d-98d3-454ca24714a0,mistake,mistake,1751,false
4717ab10-bfc3-58a8-9a8a-375db172f5ce,mum,mum,1110,false
2e9f2f0d-dfa4-5e16-bc61-beabd588c690,ninety,ninety,1948,false
3ac35064-4931-5c25-89b3-aecd7c92a970,study,study,270,false
f46379df-0d1c-5c87-9f2e-9f102895cce1,teacher,teacher,486,false
1a576134-9e98-5f8a-b074-464055f786a9,photo,photo,3394,false
713d3bed-1671-578c-a74f-2a40a7068c8d,sixteen,sixteen,2889,false
9dd36f56-747f-5a69-8cf3-0162eb45551d,slow,slow,1661,false
235a038a-0585-5be5-a399-9b34b799baf2,swim,swim,3038,false
801a2411-c84a-5cf0-a9de-6db3303b93d1,thanks,thanks,1528,false
9659a2d6-d6c8-5756-8269-41b5a875e41c,thirty,thirty,1003,false
eadea659-85d4-5344-80e3-8fa927d0dbd8,tired,tired,2210,false
069e7f92-c64b-5aed-ad80-ea163f23d092,banana,banana,5663,false
05b2d336-560f-5aa1-879c-dbacc9a9ef4b,bored,bored,4569,false
dd86f32d-aacd-555b-b628-3a2830b2371e,boyfriend,boyfriend,4827,false
22f1bb2a-bf0a-50d1-959f-59350cb883a6,bye,bye,4072,false
956883f1-39b8-5628-a360-78521be2b423,dancing,dancing,5024,false
7203c557-a2b9-53d9-8ee4-847367c68c29,dictionary,dictionary,3332,false
1a329cfd-74ff-5f1e-b99c-60070fcf5dad,excited,excited,4106,false
8cea1731-7bce-5262-ab9d-18edece065c4,goodbye,goodbye,5756,false
9306d929-7aef-54cf-9afe-81c373697385,hungry,hungry,3683,false
0efb8ad3-44d6-5e80-9335-d4535195e0ca,thirteen,thirteen,3309,false
c6b90c7b-cd20-5616-bbfa-f3b2731c0bd7,blog,blog,7748,false
bb193790-282b-5444-9f3d-45783b6114da,euro,euro,8309,false
ce225bbf-5b34-52d5-9f63-86cb02b72175,thirsty,thirsty,11904,false
c347b3d2-f5d3-5877-80b8-b6ed707707eb,dvd,dvd,,false
94d4a2e2-e9d3-5f23-9787-4eb4a9588524,action,action,340,false
79f1aa84-49f9-5693-891d-f34b4b88f633,popular,popular,938,false
2e29d76d-4dd6-54cd-bdc7-746070ad18ce,rule,rule,539,false
9b169da2-a48f-55a7-bab3-e4475b574449,exam,exam,4174,false
13b1bdba-185f-5684-bc7e-335c0195ddda,final,final,778,false
340c3c92-ea72-516d-b55e-4198512debf0,list,list,716,false
723186b3-60e9-5624-9a6a-0ec306351f89,detail,detail,566,false
b64be335-3477-5669-be65-4729aab87522,interview,interview,1421,false
16d4f7fe-96ea-5ee7-bd9b-5e05ba380f94,personal,personal,574,false
09c22ef1-6c5b-5185-b1de-4feece16b2fe,point,point,176,false
a5551d29-7d91-5f8b-ac40-d3f916a1dcac,type,type,356,false
d18e553b-0583-5b57-893b-468f0ff30229,useful,useful,986,false
ebac8e62-41ef-51d7-9d8d-695c1ab6e29b,advice,advice,962,false
10e1220a-5ae5-596d-9d0b-0aed2d8b259f,area,area,149,false
3252d9f1-1dfe-561a-9015-cdbcda0ff597,model,model,551,false
5116215d-13dc-5c4a-8e0c-5443b781d0bf,opinion,opinion,1067,false
a116a1fe-bd31-5fda-8ec9-a4cc3c4c924f,opposite,opposite,2574,false
a48cb3f6-daaa-551e-b5cf-c38c4c5ca74e,painting,painting,1348,false
58246e75-6014-54f5-8f3c-6a7dfb3f30a0,band,band,1145,false
fea47500-a3b5-5c48-a74b-8b3931fca6e5,call,call,161,false
c9a90ab3-f769-5e84-ad3f-ebf45aa5bc24,difficult,difficult,439,false
11d1a097-24b4-5ec1-b66a-4270c9e3e2bf,important,important,218,false
cd5019cc-e0a2-5ea9-af49-e7129e14acc6,information,information,223,false
4f4db047-d413-5dc5-ad53-4f699e139dcb,order,order,368,false
aaad4887-1f05-5819-ae43-5ac9393a2dc1,world,world,146,false
ff03a184-c5cd-5581-b2d9-c59e0aaa6b68,dangerous,dangerous,1609,false
55e193ba-7d7c-573e-ac5c-fa4a5c4c1978,business,business,215,false
a66036a0-f1b7-59f5-94ba-d221bf91c4d9,capital,capital,729,false
49a98e64-ecb2-59b6-baea-f1f2e5f766c2,choose,choose,594,false
5f8b7af1-c6d6-58fb-9298-3c507eb7727a,hotel,hotel,731,false
509def7d-fe58-529f-addc-25cf3e3aa4ea,about,about,63,false
0925dd1a-f841-58ad-a934-52fa284551bb,trip,trip,1664,false
a6534fd9-98cb-54c6-9af6-6ec980c57e2b,ticket,ticket,1884,false
cbc0e73e-d6f3-59c3-8575-3db299f7100f,place,place,162,false
dd372d29-6998-5c1e-b8df-7cfcf4f0c908,boat,boat,1303,false
4c4d1303-46ef-56f9-a0e7-30dd834435c4,travel,travel,1132,false
6498afdd-85e6-5b59-a823-cf184251bda9,passport,passport,5283,false
36e5742e-654a-543a-b96d-7ef249a08b18,wave,wave,1586,false
2ff90cb6-1288-593f-add9-235331579641,tidy,tidy,6376,false
7439797a-2821-52f8-85bb-cc271e7e371c,trouble,trouble,1005,false
6ae6977f-028a-59db-ae37-c1c5cd19c00e,depend,depend,987,false
30701165-d42f-5ac3-94e2-890779ed05eb,increase,increase,523,false
b40f3acc-5779-5435-b57b-42897534db16,perhaps,perhaps,249,false
7ed3e496-2dc7-54ad-95b8-6c938a020fac,church,church,393,false
1751c4f9-e094-5067-adb5-81e711f30bc0,shape,shape,1200,false
030c25b9-17a1-5551-91f0-d2ab4bbe42bd,danger,danger,1264,false
ca95fe23-ced4-5fd5-88b8-bdc3370673e0,mention,mention,902,false
daa8d657-2636-5095-847d-e54c5f94ead1,save,save,848,false
4e5ee1c4-7945-57f7-8130-50bc39f23bf9,act,act,371,false
d627c797-cf71-54a5-83cb-c40667a870a1,allow,allow,257,false
7b4197ff-c419-5580-b788-eacf188cbe7f,tie,tie,2118,false
8a0d473f-81b7-52f8-b85f-da7b7d35ed93,clever,clever,3025,false
4678873b-2bc6-5992-8986-4f1d60812f20,celebrate,celebrate,2443,false
a248a968-edb1-5083-8feb-f96b865dd02b,narrow,narrow,1725,false
70aeec44-464b-55f2-942f-fb0dd9e18767,shut,shut,1788,false
999cf9c1-2803-5d1e-bd30-bda4c24c21b4,touch,touch,1372,false
eefe0856-644d-583f-b2c4-03cee3d6a519,journey,journey,1662,false
bd7c9fbe-c047-52ed-80a4-cb2e45dcf54e,visitor,visitor,1354,false
0e92383b-1558-5596-a3ac-254d7191c250,arrive,arrive,708,false
2e8c63ab-963c-54c0-8545-806ce59891a0,plane,plane,2000,false
6d1bec58-0a65-5db2-8e7b-65bee95f0da7,wheel,wheel,2175,false
45ee9e4d-25aa-51c0-af2c-569f36842ccd,direct,direct,960,false
033671a6-f3a3-5b43-945e-29000d6e9823,tower,tower,2131,false
29d57000-3dab-53ac-876d-b9280c189495,noise,noise,1667,false
2b5edda9-0a99-5487-9383-e884b620f755,almost,almost,280,false
a2ecf027-7def-5454-a59a-d421ce3061d0,already,already,255,false
a77da267-3db0-5488-bc6c-ad5528355c04,expect,expect,313,false
53349410-c99d-5426-b5d0-531bdc16b5cd,belong,belong,1475,false
24c7080d-8ee8-58a8-ad58-932906847ea9,inside,inside,1301,false
ea043475-4ad6-53e6-813a-b12d85c6af90,president,president,589,false
603f2819-b9a0-52c6-a5e1-1b6bf099f5e7,zero,zero,4296,false
a8e41a1b-1020-57b0-ae97-dfd9a4424093,disappear,disappear,1663,false
b544ab6d-5ed8-5a99-8d62-377d0eb8cf36,thick,thick,1806,false
e232f200-dedb-5ad3-8f80-3489e11ef054,wooden,wooden,2452,false
af5c5328-d780-5f32-9d83-733bb18cc466,nearly,nearly,865,false
dbf24229-72f4-5721-8a79-3dfc3adb63bd,anyway,anyway,834,false
cdb4ac73-aa3e-521b-a178-3dc55d948c84,careful,careful,1777,false
b59960b0-2f41-576f-91c9-96ef8e198bb4,anywhere,anywhere,2157,false
db0ad68a-2fca-5f97-afd9-8f2132200678,badly,badly,2078,false
3049a64d-5896-59f8-8881-8f4ee39b9315,bottom,bottom,1555,false
dc64a843-a05b-503a-9220-9e6ea6f649e8,mark,mark,1255,false
d06769ff-a0a5-50c2-8702-98ec8b487bfa,along,along,823,false
e31d5e6f-5391-55fb-9815-c67d9ccf0e4d,tour,tour,1420,false
9f455cbf-cd8f-5ff8-9bf2-85cb4edf6d7b,direction,direction,910,false
ac1fb137-7cf3-5da5-a339-bad03c529db4,sail,sail,2876,false
8660dbcc-306c-5d2a-bece-d41a4abeb5c2,continent,continent,3626,false
e709539a-8c11-58ec-b73c-0ccc17f64c99,ship,ship,1356,false
a92dcd9d-d281-54d4-8178-f020e58efe72,adventure,adventure,3561,false
57bff9f7-985a-5cd7-b9b7-49f822291efd,instead,instead,1274,false
c9a1af9f-176b-5ce5-b46d-fa09c28037ed,yet,yet,261,false
e2bbcf28-c498-5411-a7a8-abdca953ccd1,borrow,borrow,2639,false
b14dc80d-2a86-5ea3-8046-401fae9f8ec4,bright,bright,1526,false
fe19355e-0e59-52c7-b379-4421e1bf783c,lovely,lovely,1496,false
6eed6533-2fe1-590b-aa91-f8f00a34de01,shout,shout,1591,false
e38f7063-3272-5731-b6a3-bcb5cd12bbbd,wet,wet,2343,false
cedf2e72-ad78-55cf-b0f6-c295ddf2f4f9,triangle,triangle,5296,false
0976419c-e88e-571a-b6d9-7c42e5a6190f,lick,lick,6212,false
1376fb1c-3e31-59d9-a670-014cb386c205,center,center,8131,false
b78f0368-0f25-5fd2-805d-fe26b1713cc9,naughty,naughty,7181,false
25b5ebd0-fc84-50f3-b1e8-c4c3f170f52f,nickname,nickname,8467,false
19f92947-78c2-5d5b-b3af-7f13770468d9,lid,lid,4537,false
6dfdeda2-5a56-5847-a863-b04e1b64d76f,toward,toward,4712,false
23f5a00d-64fc-5a5b-9791-4d543b051986,luggage,luggage,7156,false
d8b58318-1d91-582c-bf28-b8208df97ac7,neighborhood,neighborhood,49659,false
36ea99c6-8ec2-5ad7-abba-34e01842c40a,anymore,anymore,11630,false
1885b1a2-da96-5633-92a7-5da65fee543d,statistics,statistics,2602,false
a6a84115-8cbd-5207-8420-fef2317f6b20,virtually,virtually,2034,false
29755e2d-2840-55ac-93e8-a9289e1aacf8,fiber,fiber,2594,false
412a22dc-9831-5fd6-8db3-c2036063bfc4,cricket,cricket,2496,false
00072565-91dc-5fc6-8e1a-1bf6207eae6d,grammar,grammar,2979,false
b1263c28-42e5-5e6c-8832-9f8129650450,pant,pant,10453,false
7769c55a-55a5-5f59-a4b4-af91d14bc582,percent,percent,2802,false
790ea7b7-aeea-5e8c-a879-3d09551b76f2,bible,bible,3430,false
0e20632f-ca9e-50a6-8a85-58da5c04e29e,deaf,deaf,2897,false
7211a38a-5cd6-5a1d-a71d-8acabd58e201,favor,favor,49170,false
aa59a0d1-f031-580c-b5f7-60e4140f8f62,favorite,favorite,1593,false
bb9a254d-c3b4-5853-8352-3484b9c9a9d4,corn,corn,4957,false
43c5e1ac-8b88-5443-9161-a892cd317621,frank,frank,2307,false
3fb7fe2b-b881-5edf-a84e-e143be6c0cfb,dining,dining,4111,false
4b116c5f-e9f4-55d3-a22e-9a4932364337,killer,killer,3690,false
b56dfb12-42a9-5fb9-a9b7-6f1bb843494c,york,york,1010,false
109e78f2-f064-559e-b23f-b927fd161e1d,cheque,cheque,2753,false
79b8b0f4-17a1-50b6-b64d-3fbe73984116,deer,deer,6143,false
2eaa3e8d-1e1e-5f13-b860-e9260e3d2eb6,gently,gently,2220,false
88a3d991-3cb3-5763-a436-8ea21f6c7acd,sept,sept,2625,false
5ef3366f-67ee-5b6d-ac1d-e2d4f197c7c4,gray,gray,5464,false
e0ba3646-9311-56d7-96a6-c61ab7f02cd8,surprisingly,surprisingly,2953,false
7ec59fda-74cb-5eeb-ae22-0e273782bf6f,track,track,1268,false
eca4397b-a596-5948-abc8-b83f953b544c,explore,explore,1882,false
c927d4a5-d958-58c9-874b-0f4caf3a8546,destination,destination,4309,false
0e097e6e-895c-5bb8-82c4-863ef7d00e54,departure,departure,2903,false
446a76d8-65c9-51fe-b1a5-5148cd49b503,tent,tent,4158,false
d82f3e43-083c-54bd-a986-cc929d4a60e9,reservation,reservation,4139,false
bb1ffed1-1dad-57f9-b6a6-7caf448b5230,arrival,arrival,2281,false
3425701e-1d4d-5220-878d-406625c39209,attract,attract,1477,false
45272ba5-294a-55bf-aff4-748601dadddc,bill,bill,837,false
fd30e0ad-eb39-562b-9f86-973add4731fa,cost,cost,342,false
f4813891-32ac-556b-803c-cff9ab97d32f,price,price,338,false
3ec87f22-e3f2-5f18-9196-aa70eb0a0137,sell,sell,461,false
e4663843-8fd1-5b9a-af80-b32503c3d80d,check,check,997,false
1c080c85-37be-5705-9b81-6030c304dcbd,writer,writer,1314,false
20916e07-65c5-5b9f-b1f3-fd99dc8905dc,post,post,895,false
132ee047-3ce0-5660-b6f1-0e1636a7a6ea,include,include,246,false
437da553-9963-5d10-9746-b4efbfc39c82,police,police,328,false
74492842-a9a5-5496-ba19-0e988e72ad4b,shopping,shopping,2763,false
7ee33771-6f9f-5777-ba9a-d5ea656a320a,perfect,perfect,1685,false
007ad8b3-0534-58de-baeb-c9ef75083e64,actor,actor,2390,false
71a717f8-02fe-52f4-aaf7-94ceefd91b34,understand,understand,391,false
8ebe0eb6-416b-575c-91f9-3ff21a5be0a1,way,way,86,false
d08bf910-bf4a-5417-855c-82fa7d65ae8d,imagine,imagine,1197,false
67e00e3f-f4c9-56f4-8b94-2e4496b8909b,pound,pound,546,false
ccf993a9-e10f-5c9c-b8ac-3b16b53537e9,add,add,330,false
63d7694b-2ee9-5150-a6a0-04d726033e79,below,below,1136,false
9a90e6dc-f7d2-5da8-8aa3-db065659195a,repeat,repeat,1398,false
593dc6a0-c526-5c76-a3a0-1ddc25d760d4,terrible,terrible,1927,false
636afaf3-8340-5eb4-a3fd-218b95b56301,bank,bank,406,false
994b9497-9168-53fe-b3b6-e57cd364ba92,better,better,704,false
c34084a1-24c2-5e38-bf0a-33701b78c5d6,market,market,253,false
ebdc776a-9f4a-5af0-9b25-b81b2a251353,pay,pay,227,false
7486199b-0705-5c89-86d9-cd2cd0351d27,shop,shop,648,false
f5b2f32e-853f-52d6-b8fd-2ccee5cb54f4,break,break,519,false
ad80fecc-f4e1-5cba-bc7d-523c5c7c0435,bring,bring,195,false
3c57261e-8c01-556e-a481-68839c199ac7,card,card,1035,false
996b53c7-9b59-521a-ae1e-22fba6b849d7,city,city,331,false
d98e3e95-ce90-5c4f-bd2e-5ba57fdbcd15,job,job,272,false
3e26e091-f55b-53f9-b6aa-1aa596150eba,meeting,meeting,457,false
2d9912cc-39ea-5710-9214-f7b1edfd0376,money,money,233,false
32f7c469-2bb9-5a21-b01f-ee44df3fe250,office,office,303,false
e14f94aa-43aa-5b71-a463-6c632148924f,time,time,50,false
47c01eae-2cac-56a4-9bc6-0aee9c4d7740,town,town,433,false
d31b509a-604e-5324-8a02-37b749bfa853,village,village,735,false
7536856d-1719-5296-8874-fd87a8e9975c,west,west,789,false
13dc9ab8-a476-5566-9dd7-bc28d3faecac,worker,worker,544,false
a88664c5-d677-563e-9909-0a4470ae7cc7,expensive,expensive,1577,false
8497d25a-d802-59b3-a944-080e37ae6e59,pair,pair,1213,false
3258d151-d89a-5d78-ba03-f89b75309a13,also,also,77,false
30befa7b-e47d-5ea1-8497-500efa9cde6b,change,change,226,false
0b9194c6-b72d-5afe-b878-c5d080d5a360,buy,buy,351,false
5548459e-9df1-57c4-a1b4-e6476bbfd654,cheap,cheap,1389,false
271e5c8a-44c0-59b7-b288-ccbd7aaf83af,sales,sales,965,false
09724df5-fe78-5d2a-af00-34e9360ccc38,cash,cash,1204,false
0cbe7e87-54e6-5259-9573-a25d311ac2b3,earn,earn,1727,false
8fbeb9cd-e0a6-5807-aab3-bae4802c0ca3,lend,lend,2740,false
b218e304-ef25-594f-b0d3-c4bb22d79af2,discuss,discuss,661,false
56585d60-50f0-50d2-b734-b4bf93a5d02c,early,early,245,false
7cebd4fc-ce29-5af6-abe1-df5136cc69be,member,member,182,false
0ba1e068-9097-599e-b83c-3963a2c1f85b,often,often,230,false
0ffbad9c-4c4a-5c23-aaa1-fdc481c33f14,possible,possible,256,false
f82daff1-db17-5838-9582-2e9b2699e395,right,right,244,false
d9f220fd-e429-5156-9c77-47e8e2e3e5b6,same,same,137,false
ab57b564-e188-514c-8e4f-59b683d0bb79,show,show,147,false
f8c7bcca-f192-5ca0-a1a9-5aa1a03e3628,talk,talk,289,false
5c4ec6ec-bd0d-59d9-862e-4aa045da2a79,true,true,547,false
03dd1a48-ee9e-5608-ad3e-605b67d14781,very,very,80,false
bba64549-3221-5c63-b648-6f281bb8d403,write,write,211,false
65f399a9-fef6-55cb-af1e-0da8745752fc,message,message,1120,false
0e4cbfa3-a7a3-572c-9c2d-a7b68de74cd5,interested,interested,1131,false
ba549abc-7184-5d06-993f-3592d3eb5824,interesting,interesting,1032,false
1d4c59b4-7197-5201-8257-128628c0c60f,wonderful,wonderful,1864,false
89654c65-7fad-584d-a536-86bd430b31b0,watch,watch,490,false
3160d3a9-dc16-5038-8664-861a7180ebc1,sale,sale,1143,false
4d454a20-f9ad-5636-9f5a-707da3914e76,credit,credit,1262,false
1571267f-4b1a-5d2f-b8dd-d20530bd89a1,discount,discount,3143,false
e3bb834b-4ed5-577c-99af-8caf63dd6048,label,label,2764,false
3b720961-ddb5-5c8b-a26b-74f857ff98a9,used,used,641,false
c6e73c83-68d6-537c-8460-df91c0c3794e,payment,payment,1009,false
84e87f36-eeef-5f56-afdd-07db83cda1ac,university,university,530,false
d2b1266c-677c-577f-83cb-dfcdb7a0011b,quick,quick,1431,false
f75c205f-05e5-529d-9e18-460f1d0d5ae6,well,well,84,false
782e82f1-3e4e-51c7-bf9a-77ab0939c111,artist,artist,1218,false
13fdeba0-21b3-5434-a742-49db6c2e6504,brown,brown,2018,false
80312086-2546-5e01-957b-b2f16f736fa0,boring,boring,4124,false
efb760fc-d617-5569-ba63-95fbab5d7556,paint,paint,2040,false
0b28d52c-394b-57ab-b4c8-6615269a82b9,blue,blue,1083,false
03558b05-1073-5351-80d8-ab7569f1c21f,want,want,94,false
8f9a45d9-92bb-52d8-aaa7-65303788ea35,always,always,185,false
f30b9dfb-bf93-5579-9f40-7bd5e8a21aee,away,away,237,false
22ac14ee-e307-5af0-b2cb-0a36f0ebe389,behind,behind,489,false
8c373e4c-0cb1-5d79-b5b8-dfbb0756f749,believe,believe,252,false
d1cadb9b-459e-56cf-a1f5-de8cab37f1bf,late,late,298,false
604e4aee-41ef-5b2c-9570-70cbe05aeecc,listen,listen,850,false
1a215afb-16b1-523d-aa56-da158bc548f5,near,near,726,false
3c6554e0-0d74-5a79-9453-dd90804bb84b,news,news,692,false
d88f2f9b-1505-57a8-87ce-7cd9d9c3ca9b,next,next,199,false
e72a58c0-fc6d-5eb0-a5cf-b7a134e6bf1e,only,only,70,false
f4ca9387-8389-5b1a-9ba7-55b5141f147a,play,play,224,false
45d8bda5-4b2a-506f-bb73-51bb625bdeeb,please,please,758,false
bef845d4-65d3-54fd-aaad-20446731dc06,poor,poor,598,false
63fb6b00-810a-5fdd-b339-d2a828035171,sit,sit,302,false
7d1c03c9-5c0f-59a6-8c1d-eb85e59a22eb,tell,tell,107,false
f0f51510-3f29-501c-bd85-dd9cece5eab6,thank,thank,768,false
c11e593e-463d-5c8b-a896-c0e6050aa7ef,that,that,14,false
edaf07ff-05ff-52d5-a07e-ac179cb4eac1,this,this,23,false
cabc06a3-f4db-5062-a94e-a2210fa5e9ad,through,through,109,false
389581d2-0ee1-53c7-b75a-7d698a62046d,too,too,115,false
ef3067de-40bf-5e4f-a217-a97bd5513739,turn,turn,183,false
1158392f-34d7-5bd4-b1a3-e77a3d929e80,under,under,158,false
e9ac3372-fce1-5ddd-98d3-2390803cec95,usually,usually,526,false
c62e433b-20b4-56af-ae4a-865402f06df5,wait,wait,463,false
de7a7496-4272-5d3a-bab6-cf6e5f571d66,walk,walk,458,false
1052f7c9-61fb-5cb8-a090-f046356d2315,will,will,31,false
0e3ab6bf-50c3-5237-8e62-fa58d49e86d4,work,work,125,false
ba32e2c7-c014-53da-880d-2d125f5882f9,wrong,wrong,672,false
5988b0e0-5dc8-5db2-b1c6-faaeefea2df1,yeah,yeah,103,false
b0efb947-455a-5484-9e10-5ae0cae976eb,yes,yes,144,false
99a0105f-3044-507f-a31f-b05dda4763dd,busy,busy,1753,false
966348f0-fd24-5510-8cb6-f8b894023d9d,policeman,policeman,2490,false
e87ca64b-c275-5507-92d6-ee5b49d4bb69,rich,rich,1229,false
9105f113-380b-52ba-87d3-8205abfd111e,neck,neck,1569,false
990b6add-74a9-5423-adbb-87217bd7d767,shoulder,shoulder,1149,false
8ab9cf26-81fe-5c3c-be75-aa13d6a4bb67,twice,twice,1501,false
09ba8a54-942c-5f3a-a8e5-81611cff9fd5,wake,wake,2178,false
4b60c411-5911-5de5-aeca-4c3a03e5fa3d,welcome,welcome,1647,false
038fa953-7e5f-5038-ac41-1142d877ec1e,title,title,855,false
dfa687fc-33b3-5e18-9a42-117b2aa2cc10,address,address,1522,false
adee7e5d-b7a5-5c2e-bdb1-5f81c9a4c877,negative,negative,2015,false
9f894bbd-db9e-5b6e-a8ec-18a87be7870e,article,article,1027,false
3ded7127-4f6d-5b10-9459-217c1d7a199f,chart,chart,2961,false
fc0dab5d-fdc2-5567-9118-534a5bf2f044,routine,routine,2421,false
e0fd6410-8fe0-5be6-ae7f-96f2851cb927,report,report,276,false
25eb4c99-10a6-511c-9d5e-5589969dac32,march,march,695,false
3db91d0b-ac8e-57cb-b3df-3b60ab2c110f,introduce,introduce,698,false
0f7eb1a4-bb05-5c06-9b8d-aa36a9c8927a,situation,situation,503,false
3af8a1e7-157e-5003-89c4-44e7bd8dbf7b,scientist,scientist,1684,false
4a3660c7-11ce-5fa1-b69c-f5b196b20f79,congress,congress,1695,false
5cb46c33-fd0f-5e8e-a8b9-bad251fdb548,republican,republican,4062,false
fa6d1c79-2bce-5c53-8a05-39e3f6da4e09,democrat,democrat,2733,false
579c3827-1253-58f2-adb1-7004e3856796,okay,okay,957,false
93e1d7fd-e96a-5d47-899d-feb2be11cd5b,competition,competition,992,false
b6e47e38-d81b-500d-a521-797454f13529,focus,focus,1918,false
ca24085b-7c46-53d6-9415-e8b96f91e5c9,further,further,696,false
36257d82-3894-50f9-844e-54ecc0bc2e1c,burn,burn,1754,false
b696b574-d379-5940-956c-4a863a9e469c,gasp,gasp,5196,false
f8a05233-174c-5470-996b-c1a05c4548a2,fish,fish,954,false
0593209f-b835-5eb0-ac7c-36d056630a5a,flower,flower,1270,false
773e5a0e-dc16-5098-937f-87b8bd1396c0,natural,natural,709,false
8ac9e248-6150-530f-9a15-e8f121eb615c,animal,animal,652,false
fa45c7c2-4e5b-5366-85c8-4323cdc1e14d,plant,plant,690,false
7c3cc3af-63a5-590c-b441-f09f54f1c87b,tree,tree,680,false
0b4990a9-27ab-5cf9-bc20-4b8b5469b187,mountain,mountain,1402,false
318ce448-3e8e-5cd4-83da-346f89323b25,sheep,sheep,2697,false
c66a9a4c-b3f5-5ac7-8b99-e5a7359d4615,mouse,mouse,2845,false
7145c297-9d95-5ddd-8ea8-39a702fb15e0,river,river,876,false
dddc1bab-4678-50d1-a09c-d290caa3bb18,autumn,autumn,2252,false
2d3805e3-6e10-5c4c-ab50-6d2e726b55f0,bird,bird,1072,false
1e4d1b68-166b-5125-9f96-ba740492561b,cat,cat,1712,false
7ebc0f56-c9ad-5424-a0bc-bb6935d24959,orange,orange,3959,false
2af8fa76-b82d-551c-8bb9-b2fccb91e6a5,general,general,301,false
654672f2-97b8-5d8d-a3bc-28f6d1448080,goal,goal,930,false
decea1cf-9c8b-53a4-8dd8-fe0f77c697b2,identify,identify,757,false
1ddbf1c7-86d3-508e-84dc-34af6816ebf9,major,major,392,false
930becfb-c698-5bfb-8a34-bd0d581dd637,process,process,343,false
a64a0498-d36c-5e8a-90fa-4a4bb62bfad7,professional,professional,947,false
2796eccb-b863-5352-84a4-bc64ffe79e7d,quality,quality,536,false
96a2253a-feb3-5e94-88d0-1b592eb3f1c4,sort,sort,421,false
15d85a35-4697-53e1-a555-93a0290dde77,specific,specific,882,false
0cc0e9a7-ff36-50a3-aacd-70821044f022,successful,successful,915,false
d51bc8b4-185a-5708-965e-49141f4d088e,system,system,136,false
0c225bb2-3092-52d8-8097-b85ec0e004bd,thought,thought,710,false
956b6888-d64f-5297-aea8-11428fae649b,formal,formal,1482,false
1df2c265-9562-51fa-9140-b903819fb9dc,gap,gap,1988,false
b81f76d8-c1d7-54c3-b383-5b873347aa34,ideal,ideal,1917,false
3812d06b-8686-5687-87c1-9b88e6f9d1e6,review,review,1128,false
05a7b11a-27b3-5ed6-a9e1-88649dcb7db4,solution,solution,1058,false
703d4fb0-0cfd-544b-b1e2-7a6d0f9988eb,solve,solve,2279,false
5c9f44ea-bd19-5b18-ad5a-149e16aa9fec,survey,survey,1015,false
fe9ec5b4-93b3-547b-8b18-64df2b1e2cb8,rock,rock,1070,false
6b96cc62-58b3-50f9-93d0-fb3d841e14a7,valley,valley,1795,false
e96e54ff-79f1-5feb-8d45-9d09eabef57b,wood,wood,1414,false
41e671ed-46f4-5e48-bd1b-63c49970e018,rise,rise,644,false
cafd98b5-bd40-583c-b7ad-92ef6a94b03a,insect,insect,3450,false
215c4f64-065a-5eec-9e95-ac61f7508eae,ocean,ocean,3015,false
76436ede-9190-551f-b8a0-d2ebde37a5bb,web,web,6919,false
bec76410-47c2-5bef-8e44-94da1078931c,wild,wild,1698,false
87c85184-3dbd-53ab-9ca8-25b2371857ec,nut,nut,4276,false
d7fd79f4-78f7-50a9-a902-052ec8e2bea6,blow,blow,1822,false
56709c88-c2aa-5f7a-9281-6e9a0cb54466,lazy,lazy,6453,false
6cf5e188-3477-59dc-aca1-558ae1537d1e,monkey,monkey,5405,false
8c29bb78-56f8-5cf3-bae5-bafc7d17b08e,cloud,cloud,2333,false
975165c2-4e88-556e-aff3-bf238879ad55,moon,moon,2646,false
3532ba0e-3e9e-5cfc-a533-8c762526de99,sky,sky,1674,false
6ab17fa5-9119-54b0-81c1-9f153b5af45f,thunder,thunder,6539,false
528e3c7c-238a-5359-be95-a0f2c1d8162b,zoo,zoo,6119,false
bef7fc2d-ad01-5000-a4fd-dcfa23b3651d,profile,profile,2812,false
e39a5273-7d17-5443-8798-5d1ed31202f1,human,human,550,false
9202e009-40cd-5342-82a4-f4fc10edbb3f,decision,decision,381,false
973c9b2b-8ed4-510b-9089-5802884adb49,energy,energy,765,false
e4f08ad4-b42c-5926-8aa4-bcc856f079d7,knowledge,knowledge,689,false
c569c0b9-268e-5789-ba9e-1ad37b878874,law,law,278,false
0d83b0a9-f9b8-516f-80bd-81c1272cb7cd,level,level,241,false
35507bf1-2455-5ece-bf38-531762450892,physical,physical,1047,false
39b72de3-cdcb-5171-ba21-6c9e907bbac4,purpose,purpose,655,false
591800e5-d9dd-5ca5-ac69-38985c5b74dc,record,record,507,false
87b805ab-6a8d-5992-b60b-f9177f759081,cage,cage,4775,false
cc3acf70-113d-5566-a068-8c55ecea7770,kindness,kindness,7000,false
08045ba2-1e1f-5532-9fdf-9e7459ad80e2,cycle,cycle,2200,false
651235d7-2821-5b56-ab5a-7550749f1bd8,patient,patient,384,false
44eeccaa-76fd-55dc-9d29-c4bd49778fbf,shell,shell,2687,false
eae8fa58-027e-5eb1-8ba4-67871d6c6c67,wing,wing,1755,false
1550b8e5-941a-583f-8ebb-8638493b0aad,branch,branch,1178,false
8e4a7743-6398-5208-81a6-37cc405942be,silly,silly,2789,false
e39298b1-3ecf-5840-abc3-ad57061dbe9e,tail,tail,2604,false
190bf396-808b-5fb0-b963-8500a4000999,mud,mud,3520,false
948da6fd-ca84-5f2e-89fe-3d756235331b,shy,shy,5301,false
82390958-57c5-5bc6-9606-1098b4e65339,leaf,leaf,1823,false
bc449511-af2f-532a-8902-37264b7c9624,sand,sand,2470,false
879da183-69ca-5659-bd1f-d76303961dba,shine,shine,3329,false
f6205111-b7b2-5088-aa63-f29d6a0df948,cotton,cotton,3222,false
d0525f7e-11c1-51c9-b033-01e6420df2af,reliable,reliable,3271,false
f02b9a6f-f434-5f06-b231-7a99d43c87c5,keen,keen,2280,false
0adef65a-03cd-5cb7-80a4-d10011e5e68e,rain,rain,1491,false
dca945b9-8973-5590-ba5f-706c415a6ed0,snow,snow,2665,false
cd32e027-5b01-56b2-95f8-c0a0539e4a3e,weather,weather,1610,false
120e95d8-d8ae-5205-afff-ec5a5ece56ee,sense,sense,417,false
4ad4bf56-3c92-54b4-9de5-cf7ca015e85f,source,source,633,false
b5b8b274-0d4e-5168-98a3-7e4be45827e0,stage,stage,482,false
77309b7c-079c-518c-96ee-2aa8c14d36f1,column,column,2007,false
55d27545-5d5e-5bac-b1f2-d9d9ddab776b,conference,conference,890,false
7f932501-51bf-5d20-98e0-c05f0d2fb17e,desert,desert,3426,false
924d898f-2f56-5f88-a8c2-382c07b3a25d,stomach,stomach,2661,false
34609cf6-8a4f-5bd2-a615-9112e88cf714,recording,recording,2437,false
6852d0d4-b0bc-5bcc-9f96-93d401ba4328,coach,coach,2347,false
04504fcc-01fb-5dcf-9b0d-e62e70cf9a3c,code,code,1469,false
78ae1aec-c93a-5725-802d-3fccab266b72,comment,comment,1279,false
1a9a3d34-6a30-5ac7-96c1-af01911430f1,reception,reception,2928,false
90199b70-098a-56ae-879d-feb025288fa2,suit,suit,2119,false
5291070b-663d-5c2f-9579-9d1f7648a114,produce,produce,296,false
90ef601d-eb5d-5b37-befe-b3e07d457642,recipe,recipe,3661,false
1f773d77-77e7-5868-982a-73f742028863,consider,consider,312,false
30f36056-cf7d-510e-8987-462300cfcc89,deal,deal,595,false
c06bad8d-ae28-5dc7-a493-46285770cd02,exist,exist,875,false
65650299-c51b-5ad7-abfa-2e02ab15cac9,prevent,prevent,937,false
64b3e51e-87d7-5454-bdba-1bb5a8d24009,race,race,1107,false
116074c0-3faf-52c6-9cab-5a41ad798f3c,recent,recent,630,false
07117f6e-a939-5c55-a781-7190423f0cd1,recognize,recognize,1571,false
e7a16f33-0ee5-5239-8aec-4cea8faf8a82,reduce,reduce,567,false
2237252f-32ca-5645-9eb3-9515101264ef,warm,warm,1353,false
ab5e9d5e-148b-53af-84a6-a004c186ead3,suppose,suppose,840,false
63e8fc90-0ce4-55c9-921c-693371188ff2,comedy,comedy,4172,false
389ba523-45d5-56f7-ab3a-abebc9d4224c,cupboard,cupboard,3692,false
88a8c99a-8129-57d3-bd90-35de6b59f24f,pet,pet,3686,false
60c51d1e-db70-5bda-9f92-509ad221018f,spider,spider,5742,false
67b799ec-b2be-504e-bf18-279a2f0685c1,compete,compete,2583,false
6317de1c-99e5-54a6-bc86-d735f428982a,detective,detective,2906,false
93c08ef4-f486-5b26-bd81-13dd61e576d2,cartoon,cartoon,6438,false
c05ec702-3fa9-5bde-bd59-41ed4e117a77,poster,poster,3930,false
7c820ef9-9277-5d06-ad9f-010a2f1a28a9,predict,predict,2288,false
175488d2-4568-5c7b-9d47-0e90894df4db,progress,progress,1265,false
056ffc76-bdb1-5622-8e46-928f773f8423,quantity,quantity,2082,false
bfc09b27-94b8-5964-9064-e4e46565563c,react,react,2923,false
deda73f7-55ef-51f7-bfc6-fd599f0dbe8c,recommend,recommend,1578,false
b59fc4cc-54d9-5e7e-aca4-860807eed646,symbol,symbol,2635,false
ae15ab8d-2cec-5590-acf1-b820162a7f1f,pants,pants,7747,false
1d0aae7e-baa3-52c6-bdc4-ad402b067008,field,field,495,false
62db1e3b-c843-5f86-92f4-a4b0b33dac83,foreign,foreign,621,false
afdfc787-9fba-57cf-9953-59b673683fc2,recently,recently,822,false
2a520b9e-7195-5cef-8677-951416a8ccb0,store,store,1583,false
50336b29-2701-5af6-ac0c-579ee02b12a8,director,director,603,false
5bd5584e-57d0-5b9d-bbd3-6348b4be5076,drop,drop,925,false
69a6a306-ce08-510e-bd14-e45500f4836a,season,season,833,false
65baae4c-eb3f-56c4-91ee-a0ee41f762fd,temperature,temperature,1622,false
4fa158ea-a44c-5d12-9e6d-0e81db696bdd,wind,wind,1179,false
22437840-ff8e-57ac-8048-f57faf2f8b33,hit,hit,927,false
1c09bbd2-11fd-57b2-980c-99d22dbf0b53,least,least,2012,false
d17000c9-75e7-5849-9a97-ecdf659c673a,professor,professor,1711,false
b2b4af23-ef68-5e09-bea3-1ef1d5644add,speaker,speaker,996,false
bbda53a7-cac1-5db0-91d6-2bf6907bdf33,stone,stone,888,false
2430e547-659a-5628-978b-4bf8bf9f9792,dentist,dentist,6054,false
7938542d-8a58-5518-ac05-2533961cdff3,lead,lead,263,false
d315b618-0ac5-5de5-a77e-00075dc3ff7d,baseball,baseball,10008,false
7fc99f73-8b56-529d-ab66-5961374d3880,castle,castle,1765,false
13c5aea4-1937-510a-85cd-730ce9f45c85,diary,diary,2934,false
a36ac5b5-b729-5c84-91c0-5f4dbe0594b6,engine,engine,1374,false
c90c0dc9-b941-5347-964f-3ec5438be00f,engineer,engineer,1889,false
5769194c-5ac3-5370-b153-a483666dab7c,forest,forest,1108,false
e3b240c5-1590-52b2-ac92-110c6ba074ed,golf,golf,2501,false
62066bc6-552b-5ba7-8a3c-7fa8e120ab0e,guide,guide,1645,false
92410de8-0b42-56e0-89ad-5a4254af2aae,lab,lab,4848,false
c041cd35-1ff4-5734-bbc3-83a8ee519479,speech,speech,1119,false
f2847fb1-325a-5272-b10e-66557b17ac71,speed,speed,1245,false
210780a8-2799-578d-b8ab-7333b1aea919,unusual,unusual,2152,false
bb2d81a8-8cc1-5298-83cb-ab6945420328,program,program,1660,false
a87598d2-9039-54c8-8a53-207a9b796f13,cover,cover,525,false
053894d0-1993-5063-a07e-f17d0d1a20de,pull,pull,718,false
3b20ad4f-a610-5285-97d3-f5eff2d54ae0,guy,guy,2409,false
c998fbe4-4d66-5ea5-8268-13b6b8336124,heat,heat,1699,false
4ca4f0c8-9969-5c5b-be26-ee1802304913,hurricane,hurricane,7263,false
a24034ca-3b08-50c6-8683-09a6aa98b36c,mild,mild,3774,false
4490546b-a078-5b1c-9f1c-f9f0a51a8978,exercise,exercise,1233,false
c7244503-fa27-59cd-80dc-66e116b78374,sport,sport,1122,false
bd8f3d46-4db8-51da-b84b-a0609badab11,team,team,427,false
8ac2edca-b9bc-5f14-a9e1-7d12d5755ffc,festival,festival,2395,false
3a6a1740-84ed-5e15-a2f5-312ab2023bf7,vacation,vacation,9542,false
6ef70036-8cba-5f26-8637-3115ff6378c9,player,player,732,false
3f69b236-0de0-58d2-bb73-57f6b805b98f,party,party,166,false
0fa0ab15-06aa-5010-a2f9-13d858ce3f21,movie,movie,2856,false
61b93c50-c049-5c18-a4af-565f397021d6,music,music,667,false
188f8cd3-7880-5d81-b2cc-9175e1faee81,tourist,tourist,2425,false
959ef192-6428-5144-bfd5-97c2a5f5f8e5,especially,especially,570,false
930ac336-6a74-53b5-8f1f-f3f27f2fe9c1,following,following,748,false
43d930d6-2476-531a-957c-2384396782c2,likely,likely,422,false
3d2962d5-f281-5300-a032-c242905556d1,publish,publish,828,false
6deb52c3-567c-5b15-bc26-bd56f6996e89,rather,rather,460,false
e671db01-d6cc-59cc-b092-6ef797c59835,reach,reach,404,false
c078646d-f378-5c6c-8be5-676c909af498,state,state,194,false
e4d058a7-522e-5234-a797-673c25249a17,whole,whole,452,false
dada6d2c-bbfa-5062-89f1-a68745e6add2,ankle,ankle,4387,false
a5f201fe-b5b9-51d0-b280-a90d683c43c0,electrical,electrical,3190,false
dfee7b63-c672-55f2-a933-413a55b0e6ee,ending,ending,5246,false
a26b7a4b-9861-5de2-aad4-300e49cffbeb,flu,flu,8041,false
17805569-8f44-5901-b3ca-0b3d87e60705,headache,headache,5005,false
e7a31277-2f09-59e6-8ac2-db14960a6cfd,penny,penny,4306,false
4b1e8c33-2a22-5a86-bfca-fdd4ce8bad03,petrol,petrol,3100,false
4a0700c7-cd98-54ab-a89b-4a32922b064c,cinema,cinema,3322,false
37d768e2-9e08-5a41-b213-bef945d48398,hobby,hobby,6000,false
963217c3-07ac-51bb-a618-075e5e9f0350,win,win,388,false
ba4476ae-b5a5-5966-a9c8-ec007362eeb3,climb,climb,1646,false
114284b9-0984-5239-ad9a-3a6edabd522d,pool,pool,1678,false
b7aaa8e4-2163-5400-892a-26b7e16444f4,singer,singer,3552,false
3ce91b0e-c6c8-5bf1-b000-da335d7206dd,run,run,208,false
a568f9b5-440f-5280-8016-3118c7fa7a86,sing,sing,1509,false
08b550a7-a697-57a6-ae38-673238dcb0aa,tablet,tablet,4781,false
2033c995-fe53-5f4c-a29a-014ea760d53c,thief,thief,3965,false
2d8c6bc7-8696-57d7-9b51-2fda6491f2c2,king,king,612,false
22186bc0-14d1-5210-8c43-d70b912816ee,separate,separate,1256,false
44623ac6-631b-5988-8dba-35bd6377efdb,copy,copy,1175,false
9568bac6-fa81-58a7-8f24-9e8674f939fb,empty,empty,1735,false
b8e08aa9-8014-50d9-92c3-224328c2ccb2,fit,fit,1046,false
48ee6e13-1587-5a0f-b8b6-e91da703f631,mine,mine,1972,false
ca810a84-b418-5f93-9217-1d2420f038b2,smoke,smoke,2750,false
3333fcfd-afeb-5451-b6ef-776935d7c358,destroy,destroy,1521,false
184b1ee2-41b6-5e7f-9813-609115f0c6cd,explanation,explanation,1492,false
7e8640cd-3f08-50f0-95f6-e5653a4e3c6d,expression,expression,1139,false
1db0da65-4d07-5edc-8442-a261ce3bf4fe,leader,leader,604,false
64d81c1b-e03e-5f82-bd4d-e839f093c960,brilliant,brilliant,2429,false
de87157c-cbf1-5abb-9f86-4c1a7761261d,gold,gold,1278,false
b51443ae-f016-5e98-866c-c80d927467e1,luck,luck,2598,false
3df8b474-7681-5456-a19c-8e4a52668b1e,score,score,1818,false
eb6c712a-cf87-5c60-954e-e8609e667929,beat,beat,1207,false
32d5dcec-3ac3-5020-8b1f-9fda7967f272,catch,catch,681,false
96fd95a6-7b7b-5382-a185-879be722b8c1,throw,throw,868,false
57c5e320-2361-5d11-93af-cd45cce94f2d,suggest,suggest,314,false
10cd0f74-75b1-5961-a4a4-5ceb294c10a6,cross,cross,1352,false
1d5fa34b-b874-5860-8aa1-d0a860228adb,hide,hide,1486,false
311e2f0b-a852-55c4-9314-d02c06f0f080,enter,enter,706,false
39da8d61-d5bb-5c75-95ff-4422e81aea64,finally,finally,771,false
1c24ffd1-7b1e-54c6-8f9c-cc6e86c18b93,huge,huge,1230,false
11835a64-48f7-5f56-b7aa-662a8479a629,less,less,379,false
b8d59f8f-529b-5405-b2ad-667a81031c58,completely,completely,1163,false
a4939f57-50a4-55e3-ae88-7a4e2da68003,extremely,extremely,1388,false
2ca52081-01e6-5d29-b7d9-16f4d5e7ba59,secondly,secondly,2787,false
b77a1e2d-6ba0-5a6a-95d0-49d3b8e772b7,hold,hold,178,false
f10a15a6-b0fb-5194-ae44-07c97544a145,bean,bean,3782,false
b6ee3803-024c-5ba7-b689-80db80046bba,complain,complain,2033,false
08fb64ae-33b7-50c1-bb67-e181aadab13a,crazy,crazy,3837,false
c032cd01-ebc0-564d-82a5-f840ab97985c,drawing,drawing,1892,false
5e8ba41b-3487-5c11-a6ba-938cca8b44b0,excellent,excellent,1416,false
b87cbc0c-20d6-5156-b60c-8c429c39fd79,fair,fair,1150,false
1d043159-31f1-54bb-919c-27eb7e800ed3,winner,winner,1790,false
3b72118d-e2ce-549a-93c9-7366ffe1a639,theater,theater,39534,false
bdfcb30f-1f06-5a3b-b4c8-a096ac9da0cb,traveler,traveler,3795,false
0b9d93b3-1216-5afe-8b49-dc581cb01f02,drama,drama,2308,false
75b0d1cf-3ac9-5916-961c-7cb7e35f6e57,musical,musical,2771,false
d33721bb-5cfa-505c-be79-5f5c27c15586,celebrity,celebrity,6973,false
ea7cb3a1-5647-52eb-8ae0-f6576aef953c,entertainment,entertainment,3187,false
615be390-dccc-511a-b7ae-9ac9a140f2fa,champion,champion,1938,false
44d6bdf0-92c5-53b7-9ffb-544a1d6d822c,hunt,hunt,4330,false
4d493059-6226-559d-8895-371ae7309909,shoot,shoot,1257,false
32875605-6f7d-5df8-81e1-7dd9d876e84d,captain,captain,1680,false
4fc5c4da-a248-5c9f-8e2e-ffc2a6c6d5bd,local,local,191,false
16eb56bf-4fbe-5704-bb16-9e214859e78c,traffic,traffic,1423,false
94c3e68d-3813-5c3f-aa2a-0ed3cbb3c8db,road,road,284,false
39e1f71d-62d4-57a6-836b-23e9da472d2a,airport,airport,2541,false
b38e8c93-b649-540c-bd63-2e17f7d3aeb6,bus,bus,1399,false
c4ef1b07-7eaf-5b63-b3bb-86ac3f5b8515,around,around,397,false
84c0c9a3-fd57-541d-b9c7-9f2158543125,feed,feed,1412,false
4bbb2c0d-4893-514d-abca-c5643c2c845d,helpful,helpful,2582,false
44dccc04-7e6e-573b-a947-6961910556f0,prison,prison,1307,false
030d3baf-0e0d-5192-9417-2ea40d547f36,search,search,1690,false
c5ccdbd9-5635-5c23-ac0b-04d0ff62149a,secret,secret,2375,false
6483e7b3-5b20-58b7-b1bb-9917a48e5539,storm,storm,2871,false
cf14e605-a680-53a1-ba0e-54f250541509,succeed,succeed,1741,false
d680d39b-0b21-5009-915f-e2e96603f7b7,ground,ground,455,false
7c5f4449-b45c-58f8-88ce-c394ab29f2e5,heart,heart,654,false
9c9c9607-a7a6-5327-83ce-6dbf3ffa6d10,immediately,immediately,974,false
fde5ff39-3596-5a55-b22e-e0ddfa51de1a,manager,manager,508,false
32d49228-081c-54b5-b207-ed6797a71b73,mind,mind,385,false
9906362c-59c6-5290-8956-22210c7890b7,pass,pass,480,false
d8ec1cbd-d853-5675-afc0-78e823652414,pick,pick,664,false
b214f2d5-5c1b-5cdb-8591-9f8ed94de5fa,seat,seat,912,false
8ef2b488-2524-5e06-8895-71ee45e07ff2,secretary,secretary,613,false
2c03ecbb-f956-508b-8615-6bf3d236be2d,united,united,873,false
6f0009f3-35ee-535c-b9cc-191ce79a7f3c,designer,designer,2766,false
7f1fb0e0-c97a-516a-9d03-6264bb01a605,exactly,exactly,924,false
dafc6246-4f3e-5fa1-b50e-e4be2ea21955,advertisement,advertisement,3277,false
0ab1797e-b024-541a-a74d-06c49ac33d57,car,car,247,false
ef9648bd-1f51-53a8-91d2-13eb243bc6ec,ride,ride,1796,false
6faf644a-30a2-56e4-9e1e-d6d5403ce375,public,public,319,false
b3fac422-d127-5d91-bf2b-602ff4c80998,curly,curly,10308,false
46ee151c-e627-543b-910b-ad52c6cbe8c8,advertising,advertising,2180,false
7be976ae-6639-5011-b120-f382f4668e0a,definitely,definitely,2589,false
e90d0454-d18b-5ec3-a613-091279cad8a1,double,double,1640,false
8fdff78b-ed7b-5dd5-8c15-2394d19b2b99,factory,factory,1505,false
60f11e5a-0032-5a13-abd5-91316484ae1d,fishing,fishing,2594,false
4e8d8ce4-0073-5b34-8aff-484c66cf101d,grass,grass,2003,false
d1030c77-1e91-576b-b1b3-26eb2e6f4594,guest,guest,1649,false
ca40b707-1b64-5d8f-8166-55221408a467,lake,lake,1812,false
4da39d42-3e10-5dd0-a065-a047d5df5575,mail,mail,2485,false
fd77a960-7e42-5f2d-a9c6-da131c055be2,palace,palace,1935,false
35e5789f-c322-59a6-b035-24cd22e693ae,parking,parking,4375,false
e5744fef-6865-50ac-8a3b-147a129bfca1,railway,railway,1099,false
6776dd95-304b-5ea9-86d7-ab11c887c325,suggestion,suggestion,1775,false
4fb143af-c7e6-50bc-920d-579b831d5871,surprise,surprise,1807,false
46f67140-da09-5924-979d-c79bcd1b62a8,low,low,318,false
bfc6d11b-ca2e-59f1-9322-8ae19459b3cc,pack,pack,2523,false
46deaeb0-304d-5fe7-ad1e-cee5189f9349,easily,easily,1004,false
14ad6076-3c74-54a6-869f-4ace13f08e56,pilot,pilot,2085,false
0196b518-0ace-5c37-81f3-890794761476,express,express,839,false
ac6357c2-96f6-520e-9eb5-cdc3a55e8f27,bridge,bridge,1434,false
7496e9b9-5925-5335-ab24-b87448804058,passenger,passenger,2001,false
4db59ed0-6463-5ddd-9d68-e2df7f13cc3e,correctly,correctly,3624,false
2e5ddf71-9d5c-5c96-a96c-91939698e758,fail,fail,616,false
0ecc5919-374b-5b58-94d8-b4b384a9d00e,matter,matter,370,false
729e36bf-85b7-5b92-8eb5-1c59da4d456f,middle,middle,1360,false
de6c7606-8731-56c9-890d-68630b446e11,continue,continue,323,false
031c32e3-bfae-5dfc-a529-7c963bcacb5a,dream,dream,1513,false
76d84c25-bcd4-593f-9cc1-446e234a8964,driving,driving,4514,false
e8ff7d2b-f371-510e-865d-d5a651f4dd6a,drug,drug,963,false
9f2012dd-05b6-5f2d-84fa-8b6bb613f32b,farming,farming,3291,false
972f1d07-e523-5258-8af4-f2ffa784d116,fight,fight,917,false
30865278-7db4-5b1b-babb-5ceffbce391b,gun,gun,1706,false
baa7bc0b-d6fb-5b7f-9550-0ed4c3013820,manage,manage,752,false
b39ad9f5-c5d7-505d-8c38-5c283cec9a6d,motorcycle,motorcycle,9757,false
13fbcade-5654-5d46-86d1-9a89d912c294,sailing,sailing,5717,false
15d26317-3b01-5889-8e4e-bfa4eebcf05d,skiing,skiing,9053,false
7683f2f2-b435-5f88-974b-677871205e3a,smoking,smoking,5035,false
698b85eb-54d0-5648-879d-924ff639a653,step,step,720,false
b22ba36b-c2da-5552-9169-b078a44862fe,washing,washing,4128,false
bfc6e479-b1c1-570c-97c2-12ac9ad337b1,exact,exact,3270,false
fcdfaa90-aa4e-5bcd-a6f7-cb877c502d6b,button,button,2977,false
0a3202a0-e399-50ea-b3b9-5fe9951ccfb4,coast,coast,1854,false
6c035a95-c994-53dc-9044-041f9301e143,collect,collect,1222,false
06df3d5a-405c-58ee-bb09-62f905ca8c70,truck,truck,3631,false
64ed24a0-fb42-5be1-aef8-84d843e33a1c,van,van,3028,false
cc4153ca-4c50-5408-a026-50bbfca19ea8,transport,transport,1202,false
2d855212-476f-576a-ade5-6d16574ccdb5,route,route,1246,false
8eb649c6-3234-591e-a511-2170a6284d58,underground,underground,5281,false
c113389d-413f-597a-a936-35a7710da235,port,port,2165,false
a59948ab-6718-5096-baaa-8fdecc5b95dd,most,most,153,false
ac385190-c5fc-5ce2-9938-38b468610ab3,all,all,39,false
50cb0a41-7eef-5e7e-8bcc-3ca0c7abe89c,million,million,336,false
70421749-304d-54a9-812a-bb3685ff95a4,thousand,thousand,631,false
33d6e532-451a-5b20-a856-40c54b746e17,large,large,181,false
a6d313e5-0a3a-58bd-ad35-a92364a91c04,small,small,168,false
adec7675-df76-58e5-b9d5-f9826d58858b,six,six,293,false
1df3b86a-8447-5c7a-931b-c436204af38d,electric,electric,2469,false
d57b8cc7-5bf5-514f-b045-60374d074ce1,fan,fan,1905,false
4a2f6acf-19d0-5f9c-9372-57471e0395d6,finger,finger,1109,false
34af5b0f-d654-5e93-9736-fe1efe30b4fb,fresh,fresh,1368,false
b420e5aa-20b2-5a95-9b0c-f107e4e84007,hole,hole,1329,false
12d23069-8ab2-5f8e-82fc-bb11004d349c,knee,knee,1979,false
ab3a39f2-6e0c-5554-93ed-825f8a5f6929,owner,owner,1153,false
02a572e6-069f-5a5c-b16c-d9846d84d766,prize,prize,2125,false
88b21ae8-f1d3-57e5-8960-d186e35d4bb3,queen,queen,1223,false
03728152-0a06-52e7-ab68-d9ef5cea2a52,soft,soft,1436,false
2a8b7a1d-a82d-5177-b1b0-5a72cad3a9db,stair,stair,2863,false
64ebe4c6-f05a-5d85-a8bc-b518464640ec,stupid,stupid,2558,false
d89ce263-f648-553a-9813-d24ff7834742,suddenly,suddenly,854,false
b6851e88-5a9e-5687-9b68-87d5447ddee1,sock,sock,5063,false
b00b44ad-6e4c-57c7-9ebb-c07ff693d06e,chef,chef,6149,false
40b8aeaa-71f8-5946-a8fb-ab0c76907b21,differently,differently,4263,false
780a2b27-2e69-5a92-a7f4-1b2a0e5d9e1b,frog,frog,5747,false
2115df13-6137-53b2-abb8-4f5815f97141,greet,greet,3303,false
b52736e4-bae8-50ee-9a4f-06aea3bad525,die,die,443,false
74ff4d5d-4422-504a-8046-2bb30931c49b,how,how,90,false
c93db70e-9990-52ce-8a64-587f0e486d03,little,little,291,false
9abf9719-aa44-5d09-8213-d2ed2f91ecb0,much,much,164,false
adc06fff-d829-57e2-bbe2-ee0ee48ce5f8,nine,nine,737,false
72aced8f-64be-58a1-939c-7bca4c808fca,number,number,143,false
5de04505-d7fb-5e14-b275-a15279931c5a,twenty,twenty,605,false
42c3ae60-4706-5cb5-8197-77db79dfe7bc,twelve,twelve,1447,false
70463bad-4acd-504a-9e4c-5d3959bfc890,laughter,laughter,3321,false
4dc92700-69f6-57eb-bfb1-e7bb1baba857,lorry,lorry,3524,false
68227c80-b71c-5fdc-ab92-3f6f4d07aa36,maths,maths,5774,false
57e90cd8-5a90-520f-9eb0-8bc8376b16c3,missing,missing,4261,false
03095eb3-6606-5785-bf18-9d57e1c404ae,physics,physics,3720,false
cea9c4ef-4f2e-591c-a396-699389813464,pronounce,pronounce,4948,false
b2d643c8-838f-584e-9a69-5e1f9e66f1aa,ski,ski,6258,false
dd14b3a5-36b2-56aa-acd5-9e47b334cb42,soccer,soccer,4895,false
8a4cb91c-66e0-590d-941e-24c39ad8a137,worse,worse,6841,false
1c0f51cc-4784-5d73-9f18-62d195dc51cd,death,death,414,false
f62d52a6-bc4a-57b7-af62-1c3a55095898,kill,kill,635,false
6eaa0b0d-6045-5879-bc75-870b0f5df3f1,lady,lady,774,false
8f60b0fc-3f79-5d4c-95a7-1b89105503d2,slowly,slowly,1240,false
7b675d81-8b09-5618-ab7d-4d030cf44edb,surprising,surprising,2416,false
51bd3159-fab6-5b16-9c34-c386c5f1c09c,smell,smell,2651,false
20883db6-f270-5702-be97-f8f1a30bcdb2,soldier,soldier,1731,false
565e804e-675f-5996-8909-e34a38e66cf9,straight,straight,1598,false
5c6b7053-f335-5d42-bf44-28aad25fce88,stamp,stamp,3923,false
fcca9b63-0785-5095-a823-210b5dd820f6,rate,rate,297,false
474b6e59-ff9d-572c-a17a-ab333b6f9624,crowd,crowd,1686,false
b07d783a-ad1d-5196-92a6-fda4737f5fde,count,count,1830,false
32bceac2-fcff-5222-a718-a8c3f93d403d,airline,airline,3554,false
5419bc77-2103-5cd5-a998-327ec7a9f87d,gas,gas,1205,false
f5265865-cf8a-5b34-95d9-f4488e272dc3,joke,joke,2533,false
55b84a31-08c1-56b1-b776-38593888a7bc,lucky,lucky,2137,false
0597443a-a865-5544-a619-38b841972262,marry,marry,1217,false
64b8f07f-81c8-5a9e-a56a-95334b7753b9,print,print,2432,false
ae6d6dcf-7cfc-5bc5-aa22-e2fda5265f37,fortunately,fortunately,4081,false
ad4234b5-6544-59c1-b392-2a6a93114929,runner,runner,4368,false
3ba5bee4-087d-5718-8126-44c763f281d3,sadly,sadly,3665,false
8d551ea5-22c3-5014-b504-f53c43f4dcad,worst,worst,13770,false
314cea91-e5e2-505d-90e6-8f8d6730102b,asleep,asleep,3043,false
845d79c2-0c84-541e-be37-f2025a6325a1,biscuit,biscuit,4203,false
6f7e148a-0aee-518b-85a7-cb4162f87cba,bit,bit,585,false
4475d863-cc05-5c8d-90d9-13bf86b73cc6,forward,forward,734,false
bf0be218-40e4-5489-a47c-249380008179,loud,loud,3207,false
58df4b05-ee8d-59f2-9af7-ca757a83b3fd,broken,broken,2747,false
33acd1b7-cf8a-51cf-a00d-215ae6049476,pub,pub,1817,false
1bf7c127-8539-5f42-814c-e0e20032f953,based,based,,false
e463363d-e52e-5099-b3b1-18f1cd0594ef,jewellery,jewellery,4762,false
eea97307-2031-5748-a531-70fcad6895f8,printer,printer,3066,false
9ffd5406-28a1-59d5-93d9-5c9b6e5c73e4,able,able,295,false
0025c6fd-216c-5a00-9bbb-f279f6b416ad,billion,billion,1829,false
d8bb1c73-5075-5dba-bf09-e80e19413b61,amount,amount,584,false
2f6c9695-e4cd-5eaf-b0ea-7c90147f1e17,total,total,831,false
1300abdc-1912-5577-8d64-a0e1b804dbea,dress,dress,1673,false
37e3e5df-1a43-51c6-b133-1d2541535ef3,trousers,trousers,2969,false
d006bb42-1f9e-50ad-9fe5-d2fa508928f9,wear,wear,673,false
42b9eabe-eb73-52d4-8059-8635092f9b65,boot,boot,2176,false
6760d0c0-10d2-554c-afd0-e90c6d2eaf81,clothes,clothes,1315,false
ce4e6cb3-85fa-5a57-8214-719e28d7f63c,skirt,skirt,3590,false
9cf19994-498e-518f-8e3d-92a741131ed3,garlic,garlic,6745,false
d72b830a-2fac-5b4a-93af-be0234309b72,counselor,counselor,2973,false
15215758-91d8-5d97-bc89-bd855d137816,voter,voter,3263,false
ca278b53-cd7e-5c13-a42c-fcc71d02c1b9,honey,honey,5334,false
ce7008a3-ebca-5cbc-bb9a-8ad326866b19,lover,lover,2765,false
b526821d-2df9-5eaf-8ec0-43ad76afeaa1,duke,duke,2436,false
f0964c0f-6af7-5ec9-837c-fb17148df119,jack,jack,1652,false
8e59b880-4d56-511e-a146-bb8b15c379ec,jean,jean,2705,false
08328b62-19a3-57e4-a5a8-d605c9b2479c,amongst,amongst,1997,false
7f414d16-6c7e-5bf8-acd5-b4b169b5217f,choice,choice,725,false
13225c9b-a1b6-55a8-9035-88c254f99fba,original,original,918,false
2fb2a2e1-e6e4-5ec5-8458-e15829414e2e,involve,involve,419,false
5f4058c9-0ec4-5590-92fb-c84996c5171a,site,site,646,false
419be7ef-4a35-5f53-8ca0-3432686d2dfb,variety,variety,977,false
de652311-37f2-53ab-a879-c4b89d0d8635,novel,novel,2109,false
b1e4ee3e-7c62-5a0c-8a47-5a04552933b8,option,option,1086,false
845b3bba-73b1-509a-b4d2-666d8a9700a1,typical,typical,1850,false
8bac7ce2-eccb-5ad0-ad89-050877597ec1,avoid,avoid,835,false
2c979858-e8f0-5f55-b38c-25e0e76d8b63,context,context,1019,false
26d19f2f-068c-5243-b0cc-980b8dfeadca,individual,individual,738,false
b89868e3-7a63-5d8c-85cd-af83920ea72a,response,response,798,false
fefe5048-305c-5d57-93d6-660a5cde1fc0,shirt,shirt,2401,false
312570f9-20e9-5d70-9bea-90a0837226d5,shoe,shoe,1885,false
a96bd94e-b098-5541-a7af-ddedd3c56099,umbrella,umbrella,5549,false
865bd32d-49b1-5c99-89b8-a73251c75d8c,fashion,fashion,1852,false
f67226ef-f0f6-56e8-8781-b5a16888a415,jazz,jazz,5759,false
0911f9ea-d995-5d21-8b0e-9134b8b48ce2,uniform,uniform,3504,false
bf23fc76-318c-519f-8adf-154a20c798a1,clothing,clothing,3372,false
4f740e3b-6409-5852-af82-bba6317d65a7,average,average,1527,false
6d55f758-2aac-5170-a110-dac455b7d9ce,international,international,435,false
08f1b9f3-951b-5dd4-a34c-b50b67d080b7,national,national,232,false
c530a4ad-0e5a-5198-9f03-950e417af963,pattern,pattern,676,false
39fe1e6c-3c02-560c-9fec-66218172239f,region,region,713,false
bdc5274b-f1b6-5c4e-9f44-a23655bc6d52,series,series,699,false
d6059037-6515-5af3-a7b5-ad1d90e58c36,classical,classical,2562,false
56d812bf-279c-5f81-824f-ea735a832282,introduction,introduction,1379,false
56c63d48-791b-5172-917d-0e2e991216d5,link,link,1277,false
76100d20-fdfd-5c04-8bbe-9077ca469911,ordinary,ordinary,1387,false
80589816-d8d9-509d-b93f-40167b7ba17d,understanding,understanding,1260,false
59ce56f8-92a8-559f-92dc-fe51797209ae,traditional,traditional,1006,false
ee8f5c09-5b76-5972-9cc0-7a1a6d14fc64,figure,figure,325,false
5291785f-a4fc-5f0c-a5c4-6bade2cac9f9,enormous,enormous,2120,false
ecc7ac10-cfe6-5342-a2d5-207e816c8302,request,request,1821,false
43b7b711-e8fc-5ec2-8898-2a74508e84fe,power,power,225,false
4919b803-1251-5f95-aea7-7744519d59f9,architecture,architecture,2712,false
b2eea7c9-649a-5a85-99d5-66b7f31d2aa1,possession,possession,2337,false
5b4c60fd-f0b3-5ef0-b9c6-5373b4f5e822,remove,remove,866,false
5e2d4cb9-1339-5200-9cab-3dfc00ef4fc0,refer,refer,728,false
c669a7f2-f18d-5bc5-a4c6-0cf57c950853,pocket,pocket,1786,false
426f6f46-f428-5317-8894-866cf47d19fa,belt,belt,2870,false
0f59592e-6cff-5bd2-a0f1-ed2395cfc1f8,ring,ring,1305,false
744cdcc7-5a60-54f9-90da-bd9231070ca4,jewelry,jewelry,4187,false
09a1993c-22c0-5e39-b235-d250ef0e8462,necklace,necklace,10178,false
30dc8ddf-1a70-502d-a035-0e50e320bea5,replace,replace,894,false
c8d0bf52-53fc-5f1e-a392-cf1eaf54cb54,respond,respond,1313,false
45928298-4048-5fe8-ae59-dde9c5784bdd,actually,actually,354,false
1f34f4f8-ada1-592b-995f-f30a9109e69f,case,case,139,false
cdc9b898-f4bf-508f-869c-266a83b2ab7b,attractive,attractive,1781,false
345c6248-f79e-5b73-ad92-29e2bc91b148,officer,officer,556,false
54425591-8c8e-5e7c-bbf4-28f44d6eaf1d,incredible,incredible,4939,false
d90b352a-c6de-5998-8e98-87d42532eda6,ancient,ancient,1841,false
dc7de211-a3f3-510e-887c-dea8f00b7bf3,criminal,criminal,2063,false
8f66abfd-eaba-5bcd-a7cb-c9d39c2b3b48,hero,hero,2477,false
a6aa9523-8ae6-5e1b-b22e-470a00c8ca0e,movement,movement,564,false
28522bbe-a429-5dd9-ae5d-653614b1d77e,particular,particular,431,false
9562c5df-a081-5ad1-92a8-45ff5fd0b2d6,jam,jam,5571,false
fa940431-6b84-5f9c-93d6-bc7f88b7cd45,army,army,818,false
37d27ead-8938-53e0-a65f-f08daeed3308,bear,bear,1065,false
436283ba-3aa9-5bb7-a26b-816da2b811e6,organize,organize,2507,false
a41e9c22-ee20-5ce0-8d6b-4808b217e771,possibility,possibility,1030,false
38e98da9-6d57-5caa-9809-d2dec652c51b,arrangement,arrangement,1092,false
20d894ca-3431-5225-9fd6-5c7dc4bacfe0,refuse,refuse,936,false
472882f8-0d9b-5a13-ad4d-637c5b7013ff,scene,scene,1112,false
ec2db987-1ce9-5075-87bc-168b174661c3,certain,certain,440,false
1a678746-3c8c-5901-8215-45637f22c5bd,sleeve,sleeve,4169,false
ea06d527-495e-5097-862e-f4d512ce7f48,napkin,napkin,12892,false
c28455e1-13e4-5644-99bc-fa58a3c6a60e,fiction,fiction,3431,false
ca8e5d92-8aa2-5ac4-a11c-faa76f46b43a,mostly,mostly,2234,false
9e400bf7-2aca-5810-ab65-3363784cbbbd,permission,permission,2468,false
56ff8cac-460f-5a75-a6bb-a8681e01d1e6,tip,tip,2631,false
e0320499-aae6-5f6f-b4c6-2222b66f36a6,unfortunately,unfortunately,1910,false
784f6c34-b80e-5e42-8c45-c4abb279d76a,clearly,clearly,650,false
10b1c6ab-3592-54cb-926f-9b5330013149,necessary,necessary,555,false
70413c12-1db5-5278-85f6-e3ead9c8958e,arrange,arrange,1324,false
24b6f574-f56e-5ab2-a855-1c562a7d6c09,war,war,304,false
17bf2fef-a27c-53bd-a157-5c4815e1665d,manner,manner,1366,false
8c0ff646-fd00-5efd-af83-4ae2507e0a5c,informal,informal,3120,false
444fc3a2-0fdb-555f-b002-12cb60827a36,certainly,certainly,540,false
05018aa1-ec38-5e80-a92f-da00b86e3cdc,neither,neither,1721,false
8961190a-ded5-5e15-b52a-ef9bcdd95488,current,current,755,false
91db633b-5d9b-5344-97f6-9d5f124a9c5a,contact,contact,1196,false
58ae71bc-3c10-55f8-9c93-0cef3aaca0f8,exchange,exchange,1084,false
0782d27c-8958-5c30-a6f5-cb0a35c1534b,location,location,1705,false
81faf765-4286-5b68-bc27-536e42beb385,layer,layer,2248,false
11c72f09-6023-5067-a901-a60154c62fe3,package,package,1336,false
70612683-4ec8-5288-b9af-c5c650a99503,roll,roll,1856,false
e1b324bc-c8d8-50b4-9fc5-d354b1113c52,sink,sink,2585,false
5ff9bd2a-5685-547f-867c-af48370fe280,cloth,cloth,3307,false
0711b709-1865-53ff-9d30-d5546228897e,cap,cap,2955,false
fe3d4de2-2f3d-5c40-a0f6-1bb5c41322ee,leather,leather,2976,false
6cae246a-ee23-5ace-af15-02a30f080081,costume,costume,5080,false
f719d626-95f0-518b-8786-d9c95895b0f7,wool,wool,3791,false
